2026-03-19 21:23:59 [INFO    ] service.embedding — Loading embedding model: BAAI/bge-m3 on cpu
2026-03-19 21:24:39 [INFO    ] service.embedding — EmbeddingService initialized | dim=1024
2026-03-19 21:26:20 [INFO    ] service.embedding — Loading embedding model: BAAI/bge-m3 on cpu
2026-03-19 21:26:45 [INFO    ] service.embedding — EmbeddingService initialized | dim=1024
2026-03-19 22:05:36 [INFO    ] service.embedding — Loading embedding model: BAAI/bge-m3 on cpu
2026-03-19 22:06:05 [INFO    ] service.embedding — EmbeddingService initialized | dim=1024
2026-03-19 22:15:22 [INFO    ] service.embedding — Loading embedding model: BAAI/bge-m3 on cpu
2026-03-19 22:15:49 [INFO    ] service.embedding — EmbeddingService initialized | dim=1024
2026-03-19 22:18:29 [INFO    ] service.embedding — Loading embedding model: BAAI/bge-m3 on cpu
2026-03-19 22:18:55 [INFO    ] service.embedding — EmbeddingService initialized | dim=1024
2026-03-19 22:23:18 [INFO    ] service.embedding — Loading embedding model: BAAI/bge-m3 on cpu
2026-03-19 22:23:45 [INFO    ] service.embedding — EmbeddingService initialized | dim=1024
2026-03-19 22:26:59 [INFO    ] service.embedding — Loading embedding model: BAAI/bge-m3 on cpu
2026-03-19 22:27:20 [INFO    ] service.embedding — EmbeddingService initialized | dim=1024
2026-03-19 22:28:31 [INFO    ] service.embedding — Loading embedding model: BAAI/bge-m3 on cpu
2026-03-19 22:28:38 [INFO    ] service.embedding — EmbeddingService initialized | dim=1024
2026-03-22 13:29:51 [INFO    ] service.embedding — Loading embedding model: BAAI/bge-m3 on cpu
2026-03-22 13:30:26 [INFO    ] service.embedding — EmbeddingService initialized | dim=1024
2026-03-22 13:32:49 [INFO    ] service.embedding — Loading embedding model: BAAI/bge-m3 on cpu
2026-03-22 13:32:49 [INFO    ] service.embedding — Loading embedding model: BAAI/bge-m3 on cpu
2026-03-22 13:33:46 [INFO    ] service.embedding — EmbeddingService initialized | dim=1024
2026-03-22 13:33:46 [INFO    ] service.embedding — EmbeddingService initialized | dim=1024
2026-04-05 14:54:46 [INFO    ] service.embedding — Loading embedding model: BAAI/bge-m3 on cpu
2026-04-05 14:55:27 [INFO    ] service.embedding — EmbeddingService initialized | dim=1024
2026-04-05 14:57:25 [INFO    ] service.embedding — Loading embedding model: BAAI/bge-m3 on cpu
2026-04-05 14:57:58 [INFO    ] service.embedding — EmbeddingService initialized | dim=1024
2026-04-05 14:59:28 [INFO    ] service.embedding — Loading embedding model: BAAI/bge-m3 on cpu
2026-04-05 14:59:54 [INFO    ] service.embedding — EmbeddingService initialized | dim=1024
2026-04-05 14:59:54 [INFO    ] ingestion.ingest_runner — 🚀 Bắt đầu Ingest 329 file từ thư mục: */*
2026-04-05 14:59:54 [ERROR   ] ingestion.ingest_runner — ❌ Lỗi Ingest file G:\My Drive\DataLake_baseknowledge_rag_KTLN\dataset\chunks\da-lat\place\merged_da-lat_place_rung-giao-huong-da-lat_chunks.json: 'text'
2026-04-05 14:59:54 [ERROR   ] ingestion.ingest_runner — ❌ Lỗi Ingest file G:\My Drive\DataLake_baseknowledge_rag_KTLN\dataset\chunks\da-lat\place\merged_da-lat_place_soul-story_chunks.json: 'text'
2026-04-05 14:59:54 [ERROR   ] ingestion.ingest_runner — ❌ Lỗi Ingest file G:\My Drive\DataLake_baseknowledge_rag_KTLN\dataset\chunks\da-lat\place\merged_da-lat_place_thung-lung-tinh-yeu_chunks.json: 'text'
2026-04-05 14:59:54 [ERROR   ] ingestion.ingest_runner — ❌ Lỗi Ingest file G:\My Drive\DataLake_baseknowledge_rag_KTLN\dataset\chunks\da-lat\place\merged_da-lat_place_tiem-ca-phe-binh-minh-oi_chunks.json: 'text'
2026-04-05 14:59:55 [ERROR   ] ingestion.ingest_runner — ❌ Lỗi Ingest file G:\My Drive\DataLake_baseknowledge_rag_KTLN\dataset\chunks\da-lat\place\merged_da-lat_place_quan-trang_chunks.json: 'text'
2026-04-05 14:59:55 [ERROR   ] ingestion.ingest_runner — ❌ Lỗi Ingest file G:\My Drive\DataLake_baseknowledge_rag_KTLN\dataset\chunks\da-lat\place\merged_da-lat_place_keng_chunks.json: 'text'
2026-04-05 14:59:55 [ERROR   ] ingestion.ingest_runner — ❌ Lỗi Ingest file G:\My Drive\DataLake_baseknowledge_rag_KTLN\dataset\chunks\da-lat\place\merged_da-lat_place_quan-long_chunks.json: 'text'
2026-04-05 14:59:55 [ERROR   ] ingestion.ingest_runner — ❌ Lỗi Ingest file G:\My Drive\DataLake_baseknowledge_rag_KTLN\dataset\chunks\da-lat\place\merged_da-lat_place_thac-datanla_chunks.json: 'text'
2026-04-05 14:59:55 [ERROR   ] ingestion.ingest_runner — ❌ Lỗi Ingest file G:\My Drive\DataLake_baseknowledge_rag_KTLN\dataset\chunks\da-lat\place\merged_da-lat_place_lau-ga-la-e-tao-ngo_chunks.json: 'text'
2026-04-05 14:59:55 [ERROR   ] ingestion.ingest_runner — ❌ Lỗi Ingest file G:\My Drive\DataLake_baseknowledge_rag_KTLN\dataset\chunks\da-lat\place\merged_da-lat_place_ho-xuan-huong_chunks.json: 'text'
2026-04-05 14:59:55 [ERROR   ] ingestion.ingest_runner — ❌ Lỗi Ingest file G:\My Drive\DataLake_baseknowledge_rag_KTLN\dataset\chunks\da-lat\place\merged_da-lat_place_vuon-hoa-da-lat_chunks.json: 'text'
2026-04-05 14:59:55 [ERROR   ] ingestion.ingest_runner — ❌ Lỗi Ingest file G:\My Drive\DataLake_baseknowledge_rag_KTLN\dataset\chunks\da-lat\place\merged_da-lat_place_lo-da-lat_chunks.json: 'text'
2026-04-05 14:59:55 [ERROR   ] ingestion.ingest_runner — ❌ Lỗi Ingest file G:\My Drive\DataLake_baseknowledge_rag_KTLN\dataset\chunks\da-lat\place\merged_da-lat_place_quan-hoa-sua_chunks.json: 'text'
2026-04-05 14:59:55 [ERROR   ] ingestion.ingest_runner — ❌ Lỗi Ingest file G:\My Drive\DataLake_baseknowledge_rag_KTLN\dataset\chunks\da-lat\place\merged_da-lat_place_vuon-yeu-da-lat_chunks.json: 'text'
2026-04-05 14:59:55 [ERROR   ] ingestion.ingest_runner — ❌ Lỗi Ingest file G:\My Drive\DataLake_baseknowledge_rag_KTLN\dataset\chunks\da-lat\place\merged_da-lat_place_duong-ham-hoa-xa-da-lat_chunks.json: 'text'
2026-04-05 14:59:55 [ERROR   ] ingestion.ingest_runner — ❌ Lỗi Ingest file G:\My Drive\DataLake_baseknowledge_rag_KTLN\dataset\chunks\da-lat\place\merged_da-lat_place_vuon-dau-nhat-b-farm-da-lat_chunks.json: 'text'
2026-04-05 14:59:55 [ERROR   ] ingestion.ingest_runner — ❌ Lỗi Ingest file G:\My Drive\DataLake_baseknowledge_rag_KTLN\dataset\chunks\da-lat\place\merged_da-lat_place_phuong-xuan-huong_chunks.json: 'text'
2026-04-05 14:59:55 [ERROR   ] ingestion.ingest_runner — ❌ Lỗi Ingest file G:\My Drive\DataLake_baseknowledge_rag_KTLN\dataset\chunks\da-lat\place\merged_da-lat_place_zoodoo_chunks.json: 'text'
2026-04-05 14:59:55 [ERROR   ] ingestion.ingest_runner — ❌ Lỗi Ingest file G:\My Drive\DataLake_baseknowledge_rag_KTLN\dataset\chunks\da-lat\place\merged_da-lat_place_samten-hills-da-lat_chunks.json: 'text'
2026-04-05 14:59:55 [ERROR   ] ingestion.ingest_runner — ❌ Lỗi Ingest file G:\My Drive\DataLake_baseknowledge_rag_KTLN\dataset\chunks\da-lat\place\merged_da-lat_place_pho-bich-hoa-doc-nha-lang_chunks.json: 'text'
2026-04-05 14:59:55 [ERROR   ] ingestion.ingest_runner — ❌ Lỗi Ingest file G:\My Drive\DataLake_baseknowledge_rag_KTLN\dataset\chunks\da-lat\place\merged_da-lat_place_doi-vo-anh-da-lat_chunks.json: 'text'
2026-04-05 14:59:55 [ERROR   ] ingestion.ingest_runner — ❌ Lỗi Ingest file G:\My Drive\DataLake_baseknowledge_rag_KTLN\dataset\chunks\da-lat\place\merged_da-lat_place_in-the-forest-da-lat_chunks.json: 'text'
2026-04-05 14:59:55 [ERROR   ] ingestion.ingest_runner — ❌ Lỗi Ingest file G:\My Drive\DataLake_baseknowledge_rag_KTLN\dataset\chunks\da-lat\place\merged_da-lat_place_bac-thang-len-hoi-ong-troi_chunks.json: 'text'
2026-04-05 14:59:55 [ERROR   ] ingestion.ingest_runner — ❌ Lỗi Ingest file G:\My Drive\DataLake_baseknowledge_rag_KTLN\dataset\chunks\da-lat\place\merged_da-lat_place_dalat-wonderland_chunks.json: 'text'
2026-04-05 14:59:55 [ERROR   ] ingestion.ingest_runner — ❌ Lỗi Ingest file G:\My Drive\DataLake_baseknowledge_rag_KTLN\dataset\chunks\da-lat\place\merged_da-lat_place_cafe-suoi-mo_chunks.json: 'text'
2026-04-05 14:59:55 [ERROR   ] ingestion.ingest_runner — ❌ Lỗi Ingest file G:\My Drive\DataLake_baseknowledge_rag_KTLN\dataset\chunks\da-lat\place\merged_da-lat_place_da-lat_chunks.json: 'text'
2026-04-05 14:59:55 [ERROR   ] ingestion.ingest_runner — ❌ Lỗi Ingest file G:\My Drive\DataLake_baseknowledge_rag_KTLN\dataset\chunks\da-lat\place\merged_da-lat_place_dinh-bao-dai-3_chunks.json: 'text'
2026-04-05 14:59:55 [ERROR   ] ingestion.ingest_runner — ❌ Lỗi Ingest file G:\My Drive\DataLake_baseknowledge_rag_KTLN\dataset\chunks\da-lat\place\merged_da-lat_place_hoa-son-dien-trang_chunks.json: 'text'
2026-04-05 14:59:56 [ERROR   ] ingestion.ingest_runner — ❌ Lỗi Ingest file G:\My Drive\DataLake_baseknowledge_rag_KTLN\dataset\chunks\da-lat\place\merged_da-lat_place_ho-tuyen-lam_chunks.json: 'text'
2026-04-05 14:59:56 [ERROR   ] ingestion.ingest_runner — ❌ Lỗi Ingest file G:\My Drive\DataLake_baseknowledge_rag_KTLN\dataset\chunks\da-lat\place\merged_da-lat_place_doi-co-hong_chunks.json: 'text'
2026-04-05 14:59:56 [ERROR   ] ingestion.ingest_runner — ❌ Lỗi Ingest file G:\My Drive\DataLake_baseknowledge_rag_KTLN\dataset\chunks\da-lat\place\merged_da-lat_place_dalat-fairytale-land_chunks.json: 'text'
2026-04-05 14:59:56 [ERROR   ] ingestion.ingest_runner — ❌ Lỗi Ingest file G:\My Drive\DataLake_baseknowledge_rag_KTLN\dataset\chunks\da-lat\destination\merged_da-lat_destination_da-lat_chunks.json: 'text'
2026-04-05 14:59:56 [ERROR   ] ingestion.ingest_runner — ❌ Lỗi Ingest file G:\My Drive\DataLake_baseknowledge_rag_KTLN\dataset\chunks\da-lat\itinerary\merged_da-lat_itinerary_lich-trinh-du-lich-da-lat-3-ngay-2-dem-3n2d_chunks.json: 'text'
2026-04-05 14:59:56 [ERROR   ] ingestion.ingest_runner — ❌ Lỗi Ingest file G:\My Drive\DataLake_baseknowledge_rag_KTLN\dataset\chunks\da-lat\itinerary\merged_da-lat_itinerary_goi-y-lich-trinh-du-lich-da-lat-3n2d-tu-tuc-cho-cap-doi-tiet-kiem-nhat_chunks.json: 'text'
2026-04-05 14:59:56 [ERROR   ] ingestion.ingest_runner — ❌ Lỗi Ingest file G:\My Drive\DataLake_baseknowledge_rag_KTLN\dataset\chunks\da-lat\itinerary\merged_da-lat_itinerary_lich-trinh-du-lich-da-lat-2-ngay-1-dem-2n1d_chunks.json: 'text'
2026-04-05 14:59:56 [ERROR   ] ingestion.ingest_runner — ❌ Lỗi Ingest file G:\My Drive\DataLake_baseknowledge_rag_KTLN\dataset\chunks\da-lat\itinerary\merged_da-lat_itinerary_goi-y-chi-tiet-lich-trinh-da-lat-3n2d-cho-cac-cap-doi_chunks.json: 'text'
2026-04-05 14:59:56 [ERROR   ] ingestion.ingest_runner — ❌ Lỗi Ingest file G:\My Drive\DataLake_baseknowledge_rag_KTLN\dataset\chunks\da-lat\food\merged_da-lat_food_bun-bo-da-lat_chunks.json: 'text'
2026-04-05 14:59:56 [ERROR   ] ingestion.ingest_runner — ❌ Lỗi Ingest file G:\My Drive\DataLake_baseknowledge_rag_KTLN\dataset\chunks\da-lat\food\merged_da-lat_food_banh-trang-nuong_chunks.json: 'text'
2026-04-05 14:59:56 [ERROR   ] ingestion.ingest_runner — ❌ Lỗi Ingest file G:\My Drive\DataLake_baseknowledge_rag_KTLN\dataset\chunks\da-lat\food\merged_da-lat_food_banh-can_chunks.json: 'text'
2026-04-05 14:59:56 [ERROR   ] ingestion.ingest_runner — ❌ Lỗi Ingest file G:\My Drive\DataLake_baseknowledge_rag_KTLN\dataset\chunks\da-lat\food\merged_da-lat_food_ga-nuong-com-lam_chunks.json: 'text'
2026-04-05 14:59:56 [ERROR   ] ingestion.ingest_runner — ❌ Lỗi Ingest file G:\My Drive\DataLake_baseknowledge_rag_KTLN\dataset\chunks\da-lat\food\merged_da-lat_food_lau-ca-tam_chunks.json: 'text'
2026-04-05 14:59:56 [ERROR   ] ingestion.ingest_runner — ❌ Lỗi Ingest file G:\My Drive\DataLake_baseknowledge_rag_KTLN\dataset\chunks\da-lat\food\merged_da-lat_food_mi-quang-da-lat_chunks.json: 'text'
2026-04-05 14:59:56 [ERROR   ] ingestion.ingest_runner — ❌ Lỗi Ingest file G:\My Drive\DataLake_baseknowledge_rag_KTLN\dataset\chunks\da-lat\food\merged_da-lat_food_banh-mi-xiu-mai-phuc-han_chunks.json: 'text'
2026-04-05 14:59:56 [ERROR   ] ingestion.ingest_runner — ❌ Lỗi Ingest file G:\My Drive\DataLake_baseknowledge_rag_KTLN\dataset\chunks\da-lat\food\merged_da-lat_food_lau-bo-da-lat_chunks.json: 'text'
2026-04-05 14:59:56 [ERROR   ] ingestion.ingest_runner — ❌ Lỗi Ingest file G:\My Drive\DataLake_baseknowledge_rag_KTLN\dataset\chunks\da-lat\food\merged_da-lat_food_banh-uot-long-ga_chunks.json: 'text'
2026-04-05 14:59:56 [ERROR   ] ingestion.ingest_runner — ❌ Lỗi Ingest file G:\My Drive\DataLake_baseknowledge_rag_KTLN\dataset\chunks\da-lat\food\merged_da-lat_food_banh-can-da-lat_chunks.json: 'text'
2026-04-05 14:59:56 [ERROR   ] ingestion.ingest_runner — ❌ Lỗi Ingest file G:\My Drive\DataLake_baseknowledge_rag_KTLN\dataset\chunks\da-lat\food\merged_da-lat_food_lau-ga-la-e_chunks.json: 'text'
2026-04-05 14:59:56 [ERROR   ] ingestion.ingest_runner — ❌ Lỗi Ingest file G:\My Drive\DataLake_baseknowledge_rag_KTLN\dataset\chunks\da-lat\food\merged_da-lat_food_banh-beo_chunks.json: 'text'
2026-04-05 14:59:56 [ERROR   ] ingestion.ingest_runner — ❌ Lỗi Ingest file G:\My Drive\DataLake_baseknowledge_rag_KTLN\dataset\chunks\da-lat\food\merged_da-lat_food_banh-uot-xep-chong_chunks.json: 'text'
2026-04-05 14:59:56 [ERROR   ] ingestion.ingest_runner — ❌ Lỗi Ingest file G:\My Drive\DataLake_baseknowledge_rag_KTLN\dataset\chunks\da-lat\food\merged_da-lat_food_banh-mi-xiu-mai_chunks.json: 'text'
2026-04-05 14:59:56 [ERROR   ] ingestion.ingest_runner — ❌ Lỗi Ingest file G:\My Drive\DataLake_baseknowledge_rag_KTLN\dataset\chunks\an-giang\place\merged_an-giang_place_chua-kim-tien_chunks.json: 'text'
2026-04-05 14:59:56 [ERROR   ] ingestion.ingest_runner — ❌ Lỗi Ingest file G:\My Drive\DataLake_baseknowledge_rag_KTLN\dataset\chunks\an-giang\place\merged_an-giang_place_canh-dong-ta-pa_chunks.json: 'text'
2026-04-05 14:59:56 [ERROR   ] ingestion.ingest_runner — ❌ Lỗi Ingest file G:\My Drive\DataLake_baseknowledge_rag_KTLN\dataset\chunks\an-giang\place\merged_an-giang_place_bung-binh-thien_chunks.json: 'text'
2026-04-05 14:59:56 [ERROR   ] ingestion.ingest_runner — ❌ Lỗi Ingest file G:\My Drive\DataLake_baseknowledge_rag_KTLN\dataset\chunks\an-giang\place\merged_an-giang_place_ho-soai-so_chunks.json: 'text'
2026-04-05 14:59:56 [ERROR   ] ingestion.ingest_runner — ❌ Lỗi Ingest file G:\My Drive\DataLake_baseknowledge_rag_KTLN\dataset\chunks\an-giang\place\merged_an-giang_place_doi-tuc-dup_chunks.json: 'text'
2026-04-05 14:59:56 [ERROR   ] ingestion.ingest_runner — ❌ Lỗi Ingest file G:\My Drive\DataLake_baseknowledge_rag_KTLN\dataset\chunks\an-giang\place\merged_an-giang_place_cho-tinh-bien_chunks.json: 'text'
2026-04-05 14:59:56 [ERROR   ] ingestion.ingest_runner — ❌ Lỗi Ingest file G:\My Drive\DataLake_baseknowledge_rag_KTLN\dataset\chunks\an-giang\place\merged_an-giang_place_ho-latina_chunks.json: 'text'
2026-04-05 14:59:56 [ERROR   ] ingestion.ingest_runner — ❌ Lỗi Ingest file G:\My Drive\DataLake_baseknowledge_rag_KTLN\dataset\chunks\an-giang\place\merged_an-giang_place_ho-o-thum_chunks.json: 'text'
2026-04-05 14:59:56 [ERROR   ] ingestion.ingest_runner — ❌ Lỗi Ingest file G:\My Drive\DataLake_baseknowledge_rag_KTLN\dataset\chunks\an-giang\place\merged_an-giang_place_chua-xa-ton-tri-ton-chua-xvayton_chunks.json: 'text'
2026-04-05 14:59:56 [ERROR   ] ingestion.ingest_runner — ❌ Lỗi Ingest file G:\My Drive\DataLake_baseknowledge_rag_KTLN\dataset\chunks\an-giang\place\merged_an-giang_place_chua-tay-an-nui-sam-tay-an-co-tu_chunks.json: 'text'
2026-04-05 14:59:56 [ERROR   ] ingestion.ingest_runner — ❌ Lỗi Ingest file G:\My Drive\DataLake_baseknowledge_rag_KTLN\dataset\chunks\an-giang\place\merged_an-giang_place_bao-tang-an-giang_chunks.json: 'text'
2026-04-05 14:59:56 [ERROR   ] ingestion.ingest_runner — ❌ Lỗi Ingest file G:\My Drive\DataLake_baseknowledge_rag_KTLN\dataset\chunks\an-giang\place\merged_an-giang_place_chua-van-linh_chunks.json: 'text'
2026-04-05 14:59:56 [ERROR   ] ingestion.ingest_runner — ❌ Lỗi Ingest file G:\My Drive\DataLake_baseknowledge_rag_KTLN\dataset\chunks\an-giang\place\merged_an-giang_place_cho-noi-long-xuyen_chunks.json: 'text'
2026-04-05 14:59:56 [ERROR   ] ingestion.ingest_runner — ❌ Lỗi Ingest file G:\My Drive\DataLake_baseknowledge_rag_KTLN\dataset\chunks\an-giang\place\merged_an-giang_place_chua-xa-ton_chunks.json: 'text'
2026-04-05 14:59:56 [ERROR   ] ingestion.ingest_runner — ❌ Lỗi Ingest file G:\My Drive\DataLake_baseknowledge_rag_KTLN\dataset\chunks\an-giang\place\merged_an-giang_place_khach-san-victoria-chau-doc_chunks.json: 'text'
2026-04-05 14:59:56 [ERROR   ] ingestion.ingest_runner — ❌ Lỗi Ingest file G:\My Drive\DataLake_baseknowledge_rag_KTLN\dataset\chunks\an-giang\place\merged_an-giang_place_khu-luu-niem-chu-tich-ton-duc-thang_chunks.json: 'text'
2026-04-05 14:59:56 [ERROR   ] ingestion.ingest_runner — ❌ Lỗi Ingest file G:\My Drive\DataLake_baseknowledge_rag_KTLN\dataset\chunks\an-giang\place\merged_an-giang_place_chua-ta-pa_chunks.json: 'text'
2026-04-05 14:59:56 [ERROR   ] ingestion.ingest_runner — ❌ Lỗi Ingest file G:\My Drive\DataLake_baseknowledge_rag_KTLN\dataset\chunks\an-giang\place\merged_an-giang_place_cho-bien-gioi-tinh-bien_chunks.json: 'text'
2026-04-05 14:59:56 [ERROR   ] ingestion.ingest_runner — ❌ Lỗi Ingest file G:\My Drive\DataLake_baseknowledge_rag_KTLN\dataset\chunks\an-giang\place\merged_an-giang_place_lang-thoai-ngoc-hau_chunks.json: 'text'
2026-04-05 14:59:56 [ERROR   ] ingestion.ingest_runner — ❌ Lỗi Ingest file G:\My Drive\DataLake_baseknowledge_rag_KTLN\dataset\chunks\an-giang\place\merged_an-giang_place_chua-phuoc-thanh_chunks.json: 'text'
2026-04-05 14:59:57 [ERROR   ] ingestion.ingest_runner — ❌ Lỗi Ingest file G:\My Drive\DataLake_baseknowledge_rag_KTLN\dataset\chunks\an-giang\place\merged_an-giang_place_ho-ong-thoai-nui-sap_chunks.json: 'text'
2026-04-05 14:59:57 [ERROR   ] ingestion.ingest_runner — ❌ Lỗi Ingest file G:\My Drive\DataLake_baseknowledge_rag_KTLN\dataset\chunks\an-giang\place\merged_an-giang_place_chua-lau_chunks.json: 'text'
2026-04-05 14:59:57 [ERROR   ] ingestion.ingest_runner — ❌ Lỗi Ingest file G:\My Drive\DataLake_baseknowledge_rag_KTLN\dataset\chunks\an-giang\place\merged_an-giang_place_ho-ong-thoai_chunks.json: 'text'
2026-04-05 14:59:57 [ERROR   ] ingestion.ingest_runner — ❌ Lỗi Ingest file G:\My Drive\DataLake_baseknowledge_rag_KTLN\dataset\chunks\an-giang\place\merged_an-giang_place_cho-chau-doc_chunks.json: 'text'
2026-04-05 14:59:57 [ERROR   ] ingestion.ingest_runner — ❌ Lỗi Ingest file G:\My Drive\DataLake_baseknowledge_rag_KTLN\dataset\chunks\an-giang\place\merged_an-giang_place_lang-cham-chau-phongchau-giang_chunks.json: 'text'
2026-04-05 14:59:57 [ERROR   ] ingestion.ingest_runner — ❌ Lỗi Ingest file G:\My Drive\DataLake_baseknowledge_rag_KTLN\dataset\chunks\an-giang\place\merged_an-giang_place_chua-huynh-dao_chunks.json: 'text'
2026-04-05 14:59:57 [ERROR   ] ingestion.ingest_runner — ❌ Lỗi Ingest file G:\My Drive\DataLake_baseknowledge_rag_KTLN\dataset\chunks\an-giang\place\merged_an-giang_place_chua-bong-lai_chunks.json: 'text'
2026-04-05 14:59:57 [ERROR   ] ingestion.ingest_runner — ❌ Lỗi Ingest file G:\My Drive\DataLake_baseknowledge_rag_KTLN\dataset\chunks\an-giang\place\merged_an-giang_place_chua-van-linh-nui-cam_chunks.json: 'text'
2026-04-05 14:59:57 [ERROR   ] ingestion.ingest_runner — ❌ Lỗi Ingest file G:\My Drive\DataLake_baseknowledge_rag_KTLN\dataset\chunks\an-giang\place\merged_an-giang_place_chua-moi-an-giang_chunks.json: 'text'
2026-04-05 14:59:57 [ERROR   ] ingestion.ingest_runner — ❌ Lỗi Ingest file G:\My Drive\DataLake_baseknowledge_rag_KTLN\dataset\chunks\an-giang\place\merged_an-giang_place_chua-hang-chau-doc_chunks.json: 'text'
2026-04-05 14:59:57 [ERROR   ] ingestion.ingest_runner — ❌ Lỗi Ingest file G:\My Drive\DataLake_baseknowledge_rag_KTLN\dataset\chunks\an-giang\place\merged_an-giang_place_khu-du-lich-nui-sap_chunks.json: 'text'
2026-04-05 14:59:57 [ERROR   ] ingestion.ingest_runner — ❌ Lỗi Ingest file G:\My Drive\DataLake_baseknowledge_rag_KTLN\dataset\chunks\an-giang\place\merged_an-giang_place_rung-tram-tra-su_chunks.json: 'text'
2026-04-05 14:59:57 [ERROR   ] ingestion.ingest_runner — ❌ Lỗi Ingest file G:\My Drive\DataLake_baseknowledge_rag_KTLN\dataset\chunks\an-giang\place\merged_an-giang_place_chua-ong-bon-chau-doc_chunks.json: 'text'
2026-04-05 14:59:57 [ERROR   ] ingestion.ingest_runner — ❌ Lỗi Ingest file G:\My Drive\DataLake_baseknowledge_rag_KTLN\dataset\chunks\an-giang\place\merged_an-giang_place_van-huong-mai_chunks.json: 'text'
2026-04-05 14:59:57 [ERROR   ] ingestion.ingest_runner — ❌ Lỗi Ingest file G:\My Drive\DataLake_baseknowledge_rag_KTLN\dataset\chunks\an-giang\place\merged_an-giang_place_canh-cong-chua-koh-kas_chunks.json: 'text'
2026-04-05 14:59:57 [ERROR   ] ingestion.ingest_runner — ❌ Lỗi Ingest file G:\My Drive\DataLake_baseknowledge_rag_KTLN\dataset\chunks\an-giang\place\merged_an-giang_place_thot-not-trai-tim_chunks.json: 'text'
2026-04-05 14:59:57 [ERROR   ] ingestion.ingest_runner — ❌ Lỗi Ingest file G:\My Drive\DataLake_baseknowledge_rag_KTLN\dataset\chunks\an-giang\place\merged_an-giang_place_chua-koh-kas_chunks.json: 'text'
2026-04-05 14:59:57 [ERROR   ] ingestion.ingest_runner — ❌ Lỗi Ingest file G:\My Drive\DataLake_baseknowledge_rag_KTLN\dataset\chunks\an-giang\place\merged_an-giang_place_lang-cham-chau-giang_chunks.json: 'text'
2026-04-05 14:59:57 [ERROR   ] ingestion.ingest_runner — ❌ Lỗi Ingest file G:\My Drive\DataLake_baseknowledge_rag_KTLN\dataset\chunks\an-giang\place\merged_an-giang_place_thien-vien-truc-lam-an-giang_chunks.json: 'text'
2026-04-05 14:59:57 [ERROR   ] ingestion.ingest_runner — ❌ Lỗi Ingest file G:\My Drive\DataLake_baseknowledge_rag_KTLN\dataset\chunks\an-giang\place\merged_an-giang_place_phuoc-dien-tu-chua-hang_chunks.json: 'text'
2026-04-05 14:59:57 [ERROR   ] ingestion.ingest_runner — ❌ Lỗi Ingest file G:\My Drive\DataLake_baseknowledge_rag_KTLN\dataset\chunks\an-giang\place\merged_an-giang_place_nha-mo-ba-chuc_chunks.json: 'text'
2026-04-05 14:59:57 [ERROR   ] ingestion.ingest_runner — ❌ Lỗi Ingest file G:\My Drive\DataLake_baseknowledge_rag_KTLN\dataset\chunks\an-giang\place\merged_an-giang_place_thanh-duong-hoi-giao-jamiul-azhar_chunks.json: 'text'
2026-04-05 14:59:57 [ERROR   ] ingestion.ingest_runner — ❌ Lỗi Ingest file G:\My Drive\DataLake_baseknowledge_rag_KTLN\dataset\chunks\an-giang\place\merged_an-giang_place_mieu-ba-chua-xu-nui-sam_chunks.json: 'text'
2026-04-05 14:59:57 [ERROR   ] ingestion.ingest_runner — ❌ Lỗi Ingest file G:\My Drive\DataLake_baseknowledge_rag_KTLN\dataset\chunks\an-giang\place\merged_an-giang_place_phuoc-lam-tu-chua-lau_chunks.json: 'text'
2026-04-05 14:59:57 [ERROR   ] ingestion.ingest_runner — ❌ Lỗi Ingest file G:\My Drive\DataLake_baseknowledge_rag_KTLN\dataset\chunks\an-giang\place\merged_an-giang_place_nui-sam_chunks.json: 'text'
2026-04-05 14:59:57 [ERROR   ] ingestion.ingest_runner — ❌ Lỗi Ingest file G:\My Drive\DataLake_baseknowledge_rag_KTLN\dataset\chunks\an-giang\place\merged_an-giang_place_tay-an-co-tu-chua-tay-an_chunks.json: 'text'
2026-04-05 14:59:57 [ERROR   ] ingestion.ingest_runner — ❌ Lỗi Ingest file G:\My Drive\DataLake_baseknowledge_rag_KTLN\dataset\chunks\an-giang\place\merged_an-giang_place_mieu-ba-chua-xu-bau-muop_chunks.json: 'text'
2026-04-05 14:59:57 [ERROR   ] ingestion.ingest_runner — ❌ Lỗi Ingest file G:\My Drive\DataLake_baseknowledge_rag_KTLN\dataset\chunks\an-giang\place\merged_an-giang_place_cua-hang-dac-san-mam-chau-doc-ba-giao-thao_chunks.json: 'text'
2026-04-05 14:59:57 [ERROR   ] ingestion.ingest_runner — ❌ Lỗi Ingest file G:\My Drive\DataLake_baseknowledge_rag_KTLN\dataset\chunks\an-giang\place\merged_an-giang_place_nui-cam-thien-cam-son_chunks.json: 'text'
2026-04-05 14:59:57 [ERROR   ] ingestion.ingest_runner — ❌ Lỗi Ingest file G:\My Drive\DataLake_baseknowledge_rag_KTLN\dataset\chunks\an-giang\place\merged_an-giang_place_sieu-thi-tu-son_chunks.json: 'text'
2026-04-05 14:59:57 [ERROR   ] ingestion.ingest_runner — ❌ Lỗi Ingest file G:\My Drive\DataLake_baseknowledge_rag_KTLN\dataset\chunks\an-giang\destination\merged_an-giang_destination_an-giang_chunks.json: 'text'
2026-04-05 14:59:57 [ERROR   ] ingestion.ingest_runner — ❌ Lỗi Ingest file G:\My Drive\DataLake_baseknowledge_rag_KTLN\dataset\chunks\an-giang\food\merged_an-giang_food_kho-ran-nuong-an-phu_chunks.json: 'text'
2026-04-05 14:59:57 [ERROR   ] ingestion.ingest_runner — ❌ Lỗi Ingest file G:\My Drive\DataLake_baseknowledge_rag_KTLN\dataset\chunks\an-giang\food\merged_an-giang_food_ca-na-dap-dap_chunks.json: 'text'
2026-04-05 14:59:57 [ERROR   ] ingestion.ingest_runner — ❌ Lỗi Ingest file G:\My Drive\DataLake_baseknowledge_rag_KTLN\dataset\chunks\an-giang\food\merged_an-giang_food_com-tam-long-xuyen_chunks.json: 'text'
2026-04-05 14:59:57 [ERROR   ] ingestion.ingest_runner — ❌ Lỗi Ingest file G:\My Drive\DataLake_baseknowledge_rag_KTLN\dataset\chunks\an-giang\food\merged_an-giang_food_ech-kep-nuong-tri-ton_chunks.json: 'text'
2026-04-05 14:59:57 [ERROR   ] ingestion.ingest_runner — ❌ Lỗi Ingest file G:\My Drive\DataLake_baseknowledge_rag_KTLN\dataset\chunks\an-giang\food\merged_an-giang_food_che-thot-not-an-giang_chunks.json: 'text'
2026-04-05 14:59:57 [ERROR   ] ingestion.ingest_runner — ❌ Lỗi Ingest file G:\My Drive\DataLake_baseknowledge_rag_KTLN\dataset\chunks\an-giang\food\merged_an-giang_food_goi-sau-dau_chunks.json: 'text'
2026-04-05 14:59:57 [ERROR   ] ingestion.ingest_runner — ❌ Lỗi Ingest file G:\My Drive\DataLake_baseknowledge_rag_KTLN\dataset\chunks\an-giang\food\merged_an-giang_food_banh-bo-thot-not_chunks.json: 'text'
2026-04-05 14:59:57 [ERROR   ] ingestion.ingest_runner — ❌ Lỗi Ingest file G:\My Drive\DataLake_baseknowledge_rag_KTLN\dataset\chunks\an-giang\food\merged_an-giang_food_ga-dot-la-chuc-o-thum_chunks.json: 'text'
2026-04-05 14:59:57 [ERROR   ] ingestion.ingest_runner — ❌ Lỗi Ingest file G:\My Drive\DataLake_baseknowledge_rag_KTLN\dataset\chunks\an-giang\food\merged_an-giang_food_banh-xeo-nui-cam_chunks.json: 'text'
2026-04-05 14:59:57 [ERROR   ] ingestion.ingest_runner — ❌ Lỗi Ingest file G:\My Drive\DataLake_baseknowledge_rag_KTLN\dataset\chunks\an-giang\food\merged_an-giang_food_banh-phong-ca-linh_chunks.json: 'text'
2026-04-05 14:59:57 [ERROR   ] ingestion.ingest_runner — ❌ Lỗi Ingest file G:\My Drive\DataLake_baseknowledge_rag_KTLN\dataset\chunks\an-giang\food\merged_an-giang_food_banh-tam-bi-tan-chau_chunks.json: 'text'
2026-04-05 14:59:57 [ERROR   ] ingestion.ingest_runner — ❌ Lỗi Ingest file G:\My Drive\DataLake_baseknowledge_rag_KTLN\dataset\chunks\an-giang\food\merged_an-giang_food_banh-cham-an-giang_chunks.json: 'text'
2026-04-05 14:59:57 [ERROR   ] ingestion.ingest_runner — ❌ Lỗi Ingest file G:\My Drive\DataLake_baseknowledge_rag_KTLN\dataset\chunks\an-giang\food\merged_an-giang_food_bun-ca-long-xuyen_chunks.json: 'text'
2026-04-05 14:59:57 [ERROR   ] ingestion.ingest_runner — ❌ Lỗi Ingest file G:\My Drive\DataLake_baseknowledge_rag_KTLN\dataset\chunks\an-giang\food\merged_an-giang_food_goi-du-du-dam_chunks.json: 'text'
2026-04-05 14:59:58 [ERROR   ] ingestion.ingest_runner — ❌ Lỗi Ingest file G:\My Drive\DataLake_baseknowledge_rag_KTLN\dataset\chunks\an-giang\food\merged_an-giang_food_ga-hap-la-truc_chunks.json: 'text'
2026-04-05 14:59:58 [ERROR   ] ingestion.ingest_runner — ❌ Lỗi Ingest file G:\My Drive\DataLake_baseknowledge_rag_KTLN\dataset\chunks\an-giang\food\merged_an-giang_food_duong-thot-not_chunks.json: 'text'
2026-04-05 14:59:58 [ERROR   ] ingestion.ingest_runner — ❌ Lỗi Ingest file G:\My Drive\DataLake_baseknowledge_rag_KTLN\dataset\chunks\an-giang\food\merged_an-giang_food_banh-phong-phu-my_chunks.json: 'text'
2026-04-05 14:59:58 [ERROR   ] ingestion.ingest_runner — ❌ Lỗi Ingest file G:\My Drive\DataLake_baseknowledge_rag_KTLN\dataset\chunks\an-giang\food\merged_an-giang_food_goi-du-du-dam-tri-ton_chunks.json: 'text'
2026-04-05 14:59:58 [ERROR   ] ingestion.ingest_runner — ❌ Lỗi Ingest file G:\My Drive\DataLake_baseknowledge_rag_KTLN\dataset\chunks\an-giang\food\merged_an-giang_food_com-dep-an-giang_chunks.json: 'text'
2026-04-05 14:59:58 [ERROR   ] ingestion.ingest_runner — ❌ Lỗi Ingest file G:\My Drive\DataLake_baseknowledge_rag_KTLN\dataset\chunks\an-giang\food\merged_an-giang_food_banh-canh-vinh-trung_chunks.json: 'text'
2026-04-05 14:59:58 [ERROR   ] ingestion.ingest_runner — ❌ Lỗi Ingest file G:\My Drive\DataLake_baseknowledge_rag_KTLN\dataset\chunks\an-giang\food\merged_an-giang_food_lia-tan-chau_chunks.json: 'text'
2026-04-05 14:59:58 [ERROR   ] ingestion.ingest_runner — ❌ Lỗi Ingest file G:\My Drive\DataLake_baseknowledge_rag_KTLN\dataset\chunks\an-giang\food\merged_an-giang_food_kho-ca-tra_chunks.json: 'text'
2026-04-05 14:59:58 [ERROR   ] ingestion.ingest_runner — ❌ Lỗi Ingest file G:\My Drive\DataLake_baseknowledge_rag_KTLN\dataset\chunks\an-giang\food\merged_an-giang_food_xoi-phong-cho-moi_chunks.json: 'text'
2026-04-05 14:59:58 [ERROR   ] ingestion.ingest_runner — ❌ Lỗi Ingest file G:\My Drive\DataLake_baseknowledge_rag_KTLN\dataset\chunks\an-giang\food\merged_an-giang_food_tung-lo-mo_chunks.json: 'text'
2026-04-05 14:59:58 [ERROR   ] ingestion.ingest_runner — ❌ Lỗi Ingest file G:\My Drive\DataLake_baseknowledge_rag_KTLN\dataset\chunks\an-giang\food\merged_an-giang_food_mam-chau-doc_chunks.json: 'text'
2026-04-05 14:59:58 [ERROR   ] ingestion.ingest_runner — ❌ Lỗi Ingest file G:\My Drive\DataLake_baseknowledge_rag_KTLN\dataset\chunks\an-giang\food\merged_an-giang_food_heo-sua-quay_chunks.json: 'text'
2026-04-05 14:59:58 [ERROR   ] ingestion.ingest_runner — ❌ Lỗi Ingest file G:\My Drive\DataLake_baseknowledge_rag_KTLN\dataset\chunks\an-giang\food\merged_an-giang_food_tung-lo-mo-lap-xuong-bo-cham_chunks.json: 'text'
2026-04-05 14:59:58 [ERROR   ] ingestion.ingest_runner — ❌ Lỗi Ingest file G:\My Drive\DataLake_baseknowledge_rag_KTLN\dataset\chunks\an-giang\food\merged_an-giang_food_lap-xuong-bo_chunks.json: 'text'
2026-04-05 14:59:58 [ERROR   ] ingestion.ingest_runner — ❌ Lỗi Ingest file G:\My Drive\DataLake_baseknowledge_rag_KTLN\dataset\chunks\an-giang\food\merged_an-giang_food_lau-mam-chau-doc_chunks.json: 'text'
2026-04-05 14:59:58 [ERROR   ] ingestion.ingest_runner — ❌ Lỗi Ingest file G:\My Drive\DataLake_baseknowledge_rag_KTLN\dataset\chunks\an-giang\food\merged_an-giang_food_qua-truc-that-son_chunks.json: 'text'
2026-04-05 14:59:58 [ERROR   ] ingestion.ingest_runner — ❌ Lỗi Ingest file G:\My Drive\DataLake_baseknowledge_rag_KTLN\dataset\chunks\an-giang\food\merged_an-giang_food_chao-bo-tri-ton_chunks.json: 'text'
2026-04-05 14:59:58 [ERROR   ] ingestion.ingest_runner — ❌ Lỗi Ingest file G:\My Drive\DataLake_baseknowledge_rag_KTLN\dataset\chunks\an-giang\food\merged_an-giang_food_bun-ken_chunks.json: 'text'
2026-04-05 14:59:58 [ERROR   ] ingestion.ingest_runner — ❌ Lỗi Ingest file G:\My Drive\DataLake_baseknowledge_rag_KTLN\dataset\chunks\an-giang\food\merged_an-giang_food_chao-long-an-giang_chunks.json: 'text'
2026-04-05 14:59:58 [ERROR   ] ingestion.ingest_runner — ❌ Lỗi Ingest file G:\My Drive\DataLake_baseknowledge_rag_KTLN\dataset\chunks\an-giang\food\merged_an-giang_food_bo-leo-nui-tan-chau_chunks.json: 'text'
2026-04-05 14:59:58 [ERROR   ] ingestion.ingest_runner — ❌ Lỗi Ingest file G:\My Drive\DataLake_baseknowledge_rag_KTLN\dataset\chunks\an-giang\food\merged_an-giang_food_com-ga-bay-nui_chunks.json: 'text'
2026-04-05 14:59:58 [ERROR   ] ingestion.ingest_runner — ❌ Lỗi Ingest file G:\My Drive\DataLake_baseknowledge_rag_KTLN\dataset\chunks\an-giang\food\merged_an-giang_food_bun-ca-chau-doc_chunks.json: 'text'
2026-04-05 14:59:58 [ERROR   ] ingestion.ingest_runner — ❌ Lỗi Ingest file G:\My Drive\DataLake_baseknowledge_rag_KTLN\dataset\chunks\an-giang\food\merged_an-giang_food_ca-loc-nuong-trui_chunks.json: 'text'
2026-04-05 14:59:58 [ERROR   ] ingestion.ingest_runner — ❌ Lỗi Ingest file G:\My Drive\DataLake_baseknowledge_rag_KTLN\dataset\chunks\an-giang\food\merged_an-giang_food_banh-beo-ngot-nhan-dau-xanh-nuoc-cot-dua_chunks.json: 'text'
2026-04-05 14:59:58 [ERROR   ] ingestion.ingest_runner — ❌ Lỗi Ingest file G:\My Drive\DataLake_baseknowledge_rag_KTLN\dataset\chunks\an-giang\food\merged_an-giang_food_chuot-quay-lu_chunks.json: 'text'
2026-04-05 14:59:58 [ERROR   ] ingestion.ingest_runner — ❌ Lỗi Ingest file G:\My Drive\DataLake_baseknowledge_rag_KTLN\dataset\chunks\an-giang\food\merged_an-giang_food_bo-pha-lau_chunks.json: 'text'
2026-04-05 14:59:58 [ERROR   ] ingestion.ingest_runner — ❌ Lỗi Ingest file G:\My Drive\DataLake_baseknowledge_rag_KTLN\dataset\chunks\an-giang\food\merged_an-giang_food_ca-linh-kho-mia_chunks.json: 'text'
2026-04-05 14:59:58 [ERROR   ] ingestion.ingest_runner — ❌ Lỗi Ingest file G:\My Drive\DataLake_baseknowledge_rag_KTLN\dataset\chunks\an-giang\food\merged_an-giang_food_kho-ca-an-giang_chunks.json: 'text'
2026-04-05 14:59:58 [ERROR   ] ingestion.ingest_runner — ❌ Lỗi Ingest file G:\My Drive\DataLake_baseknowledge_rag_KTLN\dataset\chunks\an-giang\food\merged_an-giang_food_me-ngao-duong_chunks.json: 'text'
2026-04-05 14:59:58 [ERROR   ] ingestion.ingest_runner — ❌ Lỗi Ingest file G:\My Drive\DataLake_baseknowledge_rag_KTLN\dataset\chunks\an-giang\food\merged_an-giang_food_banh-com-dep_chunks.json: 'text'
2026-04-05 14:59:58 [ERROR   ] ingestion.ingest_runner — ❌ Lỗi Ingest file G:\My Drive\DataLake_baseknowledge_rag_KTLN\dataset\chunks\an-giang\food\merged_an-giang_food_lau-cua-dong_chunks.json: 'text'
2026-04-05 14:59:58 [ERROR   ] ingestion.ingest_runner — ❌ Lỗi Ingest file G:\My Drive\DataLake_baseknowledge_rag_KTLN\dataset\chunks\an-giang\itinerary\merged_an-giang_itinerary_lich-trinh-du-lich-an-giang-2-ngay-1-dem-hap-dan_chunks.json: 'text'
2026-04-05 14:59:58 [ERROR   ] ingestion.ingest_runner — ❌ Lỗi Ingest file G:\My Drive\DataLake_baseknowledge_rag_KTLN\dataset\chunks\can-tho\destination\merged_can-tho_destination_can-tho_chunks.json: 'text'
2026-04-05 14:59:58 [ERROR   ] ingestion.ingest_runner — ❌ Lỗi Ingest file G:\My Drive\DataLake_baseknowledge_rag_KTLN\dataset\chunks\can-tho\place\merged_can-tho_place_cho-dem-ninh-kieu_chunks.json: 'text'
2026-04-05 14:59:58 [ERROR   ] ingestion.ingest_runner — ❌ Lỗi Ingest file G:\My Drive\DataLake_baseknowledge_rag_KTLN\dataset\chunks\can-tho\place\merged_can-tho_place_nha-co-binh-thuy_chunks.json: 'text'
2026-04-05 14:59:58 [ERROR   ] ingestion.ingest_runner — ❌ Lỗi Ingest file G:\My Drive\DataLake_baseknowledge_rag_KTLN\dataset\chunks\can-tho\place\merged_can-tho_place_mini-beach_chunks.json: 'text'
2026-04-05 14:59:58 [ERROR   ] ingestion.ingest_runner — ❌ Lỗi Ingest file G:\My Drive\DataLake_baseknowledge_rag_KTLN\dataset\chunks\can-tho\place\merged_can-tho_place_den-tho-vua-hung_chunks.json: 'text'
2026-04-05 14:59:58 [ERROR   ] ingestion.ingest_runner — ❌ Lỗi Ingest file G:\My Drive\DataLake_baseknowledge_rag_KTLN\dataset\chunks\can-tho\place\merged_can-tho_place_kham-lon-can-tho_chunks.json: 'text'
2026-04-05 14:59:58 [ERROR   ] ingestion.ingest_runner — ❌ Lỗi Ingest file G:\My Drive\DataLake_baseknowledge_rag_KTLN\dataset\chunks\can-tho\place\merged_can-tho_place_the-kantho-coffee_chunks.json: 'text'
2026-04-05 14:59:58 [ERROR   ] ingestion.ingest_runner — ❌ Lỗi Ingest file G:\My Drive\DataLake_baseknowledge_rag_KTLN\dataset\chunks\can-tho\place\merged_can-tho_place_khu-nghi-duong-victoria-can-tho_chunks.json: 'text'
2026-04-05 14:59:58 [ERROR   ] ingestion.ingest_runner — ❌ Lỗi Ingest file G:\My Drive\DataLake_baseknowledge_rag_KTLN\dataset\chunks\can-tho\place\merged_can-tho_place_chua-ong_chunks.json: 'text'
2026-04-05 14:59:58 [ERROR   ] ingestion.ingest_runner — ❌ Lỗi Ingest file G:\My Drive\DataLake_baseknowledge_rag_KTLN\dataset\chunks\can-tho\place\merged_can-tho_place_lang-du-lich-my-khanh_chunks.json: 'text'
2026-04-05 14:59:58 [ERROR   ] ingestion.ingest_runner — ❌ Lỗi Ingest file G:\My Drive\DataLake_baseknowledge_rag_KTLN\dataset\chunks\can-tho\place\merged_can-tho_place_vuon-co-bang-lang_chunks.json: 'text'
2026-04-05 14:59:58 [ERROR   ] ingestion.ingest_runner — ❌ Lỗi Ingest file G:\My Drive\DataLake_baseknowledge_rag_KTLN\dataset\chunks\can-tho\place\merged_can-tho_place_quan-nuoc-hoa-yen_chunks.json: 'text'
2026-04-05 14:59:58 [ERROR   ] ingestion.ingest_runner — ❌ Lỗi Ingest file G:\My Drive\DataLake_baseknowledge_rag_KTLN\dataset\chunks\can-tho\place\merged_can-tho_place_chua-pitu-khosa-rangsay_chunks.json: 'text'
2026-04-05 14:59:58 [ERROR   ] ingestion.ingest_runner — ❌ Lỗi Ingest file G:\My Drive\DataLake_baseknowledge_rag_KTLN\dataset\chunks\can-tho\place\merged_can-tho_place_khu-nghi-duong-legacy-mekong-can-tho_chunks.json: 'text'
2026-04-05 14:59:58 [ERROR   ] ingestion.ingest_runner — ❌ Lỗi Ingest file G:\My Drive\DataLake_baseknowledge_rag_KTLN\dataset\chunks\can-tho\place\merged_can-tho_place_ca-nha-minh_chunks.json: 'text'
2026-04-05 14:59:58 [ERROR   ] ingestion.ingest_runner — ❌ Lỗi Ingest file G:\My Drive\DataLake_baseknowledge_rag_KTLN\dataset\chunks\can-tho\place\merged_can-tho_place_cau-can-tho_chunks.json: 'text'
2026-04-05 14:59:58 [ERROR   ] ingestion.ingest_runner — ❌ Lỗi Ingest file G:\My Drive\DataLake_baseknowledge_rag_KTLN\dataset\chunks\can-tho\place\merged_can-tho_place_cho-nau_chunks.json: 'text'
2026-04-05 14:59:58 [ERROR   ] ingestion.ingest_runner — ❌ Lỗi Ingest file G:\My Drive\DataLake_baseknowledge_rag_KTLN\dataset\chunks\can-tho\place\merged_can-tho_place_ben-ninh-kieu_chunks.json: 'text'
2026-04-05 14:59:58 [ERROR   ] ingestion.ingest_runner — ❌ Lỗi Ingest file G:\My Drive\DataLake_baseknowledge_rag_KTLN\dataset\chunks\can-tho\place\merged_can-tho_place_gian-gua_chunks.json: 'text'
2026-04-05 14:59:58 [ERROR   ] ingestion.ingest_runner — ❌ Lỗi Ingest file G:\My Drive\DataLake_baseknowledge_rag_KTLN\dataset\chunks\can-tho\place\merged_can-tho_place_chua-khmer-munir-ansay_chunks.json: 'text'
2026-04-05 14:59:59 [ERROR   ] ingestion.ingest_runner — ❌ Lỗi Ingest file G:\My Drive\DataLake_baseknowledge_rag_KTLN\dataset\chunks\can-tho\place\merged_can-tho_place_cu-lao-may_chunks.json: 'text'
2026-04-05 14:59:59 [ERROR   ] ingestion.ingest_runner — ❌ Lỗi Ingest file G:\My Drive\DataLake_baseknowledge_rag_KTLN\dataset\chunks\can-tho\place\merged_can-tho_place_vuon-ca-cao-muoi-cuong_chunks.json: 'text'
2026-04-05 14:59:59 [ERROR   ] ingestion.ingest_runner — ❌ Lỗi Ingest file G:\My Drive\DataLake_baseknowledge_rag_KTLN\dataset\chunks\can-tho\place\merged_can-tho_place_chua-munir-ansay_chunks.json: 'text'
2026-04-05 14:59:59 [ERROR   ] ingestion.ingest_runner — ❌ Lỗi Ingest file G:\My Drive\DataLake_baseknowledge_rag_KTLN\dataset\chunks\can-tho\food\merged_can-tho_food_banh-tet-la-cam_chunks.json: 'text'
2026-04-05 14:59:59 [ERROR   ] ingestion.ingest_runner — ❌ Lỗi Ingest file G:\My Drive\DataLake_baseknowledge_rag_KTLN\dataset\chunks\can-tho\food\merged_can-tho_food_can-nha-dat-vang_chunks.json: 'text'
2026-04-05 14:59:59 [ERROR   ] ingestion.ingest_runner — ❌ Lỗi Ingest file G:\My Drive\DataLake_baseknowledge_rag_KTLN\dataset\chunks\can-tho\food\merged_can-tho_food_banh-hoi-heo-quay-phong-dien_chunks.json: 'text'
2026-04-05 14:59:59 [ERROR   ] ingestion.ingest_runner — ❌ Lỗi Ingest file G:\My Drive\DataLake_baseknowledge_rag_KTLN\dataset\chunks\can-tho\food\merged_can-tho_food_bun-mam_chunks.json: 'text'
2026-04-05 14:59:59 [ERROR   ] ingestion.ingest_runner — ❌ Lỗi Ingest file G:\My Drive\DataLake_baseknowledge_rag_KTLN\dataset\chunks\can-tho\food\merged_can-tho_food_sui-cao_chunks.json: 'text'
2026-04-05 14:59:59 [ERROR   ] ingestion.ingest_runner — ❌ Lỗi Ingest file G:\My Drive\DataLake_baseknowledge_rag_KTLN\dataset\chunks\can-tho\food\merged_can-tho_food_vit-nau-chao_chunks.json: 'text'
2026-04-05 14:59:59 [ERROR   ] ingestion.ingest_runner — ❌ Lỗi Ingest file G:\My Drive\DataLake_baseknowledge_rag_KTLN\dataset\chunks\can-tho\food\merged_can-tho_food_ca-keo-nuong-ong-say_chunks.json: 'text'
2026-04-05 14:59:59 [ERROR   ] ingestion.ingest_runner — ❌ Lỗi Ingest file G:\My Drive\DataLake_baseknowledge_rag_KTLN\dataset\chunks\can-tho\food\merged_can-tho_food_nem-nuong-cai-rang_chunks.json: 'text'
2026-04-05 14:59:59 [ERROR   ] ingestion.ingest_runner — ❌ Lỗi Ingest file G:\My Drive\DataLake_baseknowledge_rag_KTLN\dataset\chunks\can-tho\food\merged_can-tho_food_lau-ban_chunks.json: 'text'
2026-04-05 14:59:59 [ERROR   ] ingestion.ingest_runner — ❌ Lỗi Ingest file G:\My Drive\DataLake_baseknowledge_rag_KTLN\dataset\chunks\can-tho\food\merged_can-tho_food_banh-xeo-cu-hu-dua_chunks.json: 'text'
2026-04-05 14:59:59 [ERROR   ] ingestion.ingest_runner — ❌ Lỗi Ingest file G:\My Drive\DataLake_baseknowledge_rag_KTLN\dataset\chunks\can-tho\food\merged_can-tho_food_banh-cong_chunks.json: 'text'
2026-04-05 14:59:59 [ERROR   ] ingestion.ingest_runner — ❌ Lỗi Ingest file G:\My Drive\DataLake_baseknowledge_rag_KTLN\dataset\chunks\can-tho\food\merged_can-tho_food_banh-duc-la-dua_chunks.json: 'text'
2026-04-05 14:59:59 [ERROR   ] ingestion.ingest_runner — ❌ Lỗi Ingest file G:\My Drive\DataLake_baseknowledge_rag_KTLN\dataset\chunks\can-tho\food\merged_can-tho_food_hem-51_chunks.json: 'text'
2026-04-05 14:59:59 [ERROR   ] ingestion.ingest_runner — ❌ Lỗi Ingest file G:\My Drive\DataLake_baseknowledge_rag_KTLN\dataset\chunks\can-tho\food\merged_can-tho_food_goi-cuon_chunks.json: 'text'
2026-04-05 14:59:59 [ERROR   ] ingestion.ingest_runner — ❌ Lỗi Ingest file G:\My Drive\DataLake_baseknowledge_rag_KTLN\dataset\chunks\can-tho\food\merged_can-tho_food_bun-rieu-tom-kho_chunks.json: 'text'
2026-04-05 14:59:59 [ERROR   ] ingestion.ingest_runner — ❌ Lỗi Ingest file G:\My Drive\DataLake_baseknowledge_rag_KTLN\dataset\chunks\can-tho\food\merged_can-tho_food_mon-an-truyen-thong-mien-tay-song-nuoc_chunks.json: 'text'
2026-04-05 14:59:59 [ERROR   ] ingestion.ingest_runner — ❌ Lỗi Ingest file G:\My Drive\DataLake_baseknowledge_rag_KTLN\dataset\chunks\can-tho\food\merged_can-tho_food_lau-ca-linh-bong-dien-dien_chunks.json: 'text'
2026-04-05 14:59:59 [ERROR   ] ingestion.ingest_runner — ❌ Lỗi Ingest file G:\My Drive\DataLake_baseknowledge_rag_KTLN\dataset\chunks\can-tho\food\merged_can-tho_food_lau-ban-phu-sa_chunks.json: 'text'
2026-04-05 14:59:59 [ERROR   ] ingestion.ingest_runner — ❌ Lỗi Ingest file G:\My Drive\DataLake_baseknowledge_rag_KTLN\dataset\chunks\can-tho\food\merged_can-tho_food_lau-mam_chunks.json: 'text'
2026-04-05 14:59:59 [ERROR   ] ingestion.ingest_runner — ❌ Lỗi Ingest file G:\My Drive\DataLake_baseknowledge_rag_KTLN\dataset\chunks\can-tho\food\merged_can-tho_food_ba-khia-rang-me-can-tho_chunks.json: 'text'
2026-04-05 14:59:59 [ERROR   ] ingestion.ingest_runner — ❌ Lỗi Ingest file G:\My Drive\DataLake_baseknowledge_rag_KTLN\dataset\chunks\can-tho\food\merged_can-tho_food_com-chay-kho-quet_chunks.json: 'text'
2026-04-05 14:59:59 [ERROR   ] ingestion.ingest_runner — ❌ Lỗi Ingest file G:\My Drive\DataLake_baseknowledge_rag_KTLN\dataset\chunks\can-tho\food\merged_can-tho_food_cacao-muoi-cuong_chunks.json: 'text'
2026-04-05 14:59:59 [ERROR   ] ingestion.ingest_runner — ❌ Lỗi Ingest file G:\My Drive\DataLake_baseknowledge_rag_KTLN\dataset\chunks\can-tho\food\merged_can-tho_food_can-nha-mau-tim_chunks.json: 'text'
2026-04-05 14:59:59 [ERROR   ] ingestion.ingest_runner — ❌ Lỗi Ingest file G:\My Drive\DataLake_baseknowledge_rag_KTLN\dataset\chunks\can-tho\food\merged_can-tho_food_banh-cong-can-tho_chunks.json: 'text'
2026-04-05 14:59:59 [ERROR   ] ingestion.ingest_runner — ❌ Lỗi Ingest file G:\My Drive\DataLake_baseknowledge_rag_KTLN\dataset\chunks\can-tho\food\merged_can-tho_food_banh-tam-bi_chunks.json: 'text'
2026-04-05 14:59:59 [ERROR   ] ingestion.ingest_runner — ❌ Lỗi Ingest file G:\My Drive\DataLake_baseknowledge_rag_KTLN\dataset\chunks\can-tho\food\merged_can-tho_food_goi-xoai-kho-ca-sac_chunks.json: 'text'
2026-04-05 14:59:59 [ERROR   ] ingestion.ingest_runner — ❌ Lỗi Ingest file G:\My Drive\DataLake_baseknowledge_rag_KTLN\dataset\chunks\can-tho\food\merged_can-tho_food_banh-xeo-can-tho_chunks.json: 'text'
2026-04-05 14:59:59 [ERROR   ] ingestion.ingest_runner — ❌ Lỗi Ingest file G:\My Drive\DataLake_baseknowledge_rag_KTLN\dataset\chunks\can-tho\food\merged_can-tho_food_lau-vit-nau-chao_chunks.json: 'text'
2026-04-05 14:59:59 [ERROR   ] ingestion.ingest_runner — ❌ Lỗi Ingest file G:\My Drive\DataLake_baseknowledge_rag_KTLN\dataset\chunks\can-tho\food\merged_can-tho_food_nem-cai-rang_chunks.json: 'text'
2026-04-05 14:59:59 [ERROR   ] ingestion.ingest_runner — ❌ Lỗi Ingest file G:\My Drive\DataLake_baseknowledge_rag_KTLN\dataset\chunks\can-tho\food\merged_can-tho_food_banh-trang-thuan-hung_chunks.json: 'text'
2026-04-05 14:59:59 [ERROR   ] ingestion.ingest_runner — ❌ Lỗi Ingest file G:\My Drive\DataLake_baseknowledge_rag_KTLN\dataset\chunks\can-tho\food\merged_can-tho_food_ruou-man-sau-tia_chunks.json: 'text'
2026-04-05 14:59:59 [ERROR   ] ingestion.ingest_runner — ❌ Lỗi Ingest file G:\My Drive\DataLake_baseknowledge_rag_KTLN\dataset\chunks\can-tho\food\merged_can-tho_food_hu-tieu-kho-can-tho_chunks.json: 'text'
2026-04-05 14:59:59 [ERROR   ] ingestion.ingest_runner — ❌ Lỗi Ingest file G:\My Drive\DataLake_baseknowledge_rag_KTLN\dataset\chunks\can-tho\food\merged_can-tho_food_oc-nuong-tieu-xanh_chunks.json: 'text'
2026-04-05 14:59:59 [ERROR   ] ingestion.ingest_runner — ❌ Lỗi Ingest file G:\My Drive\DataLake_baseknowledge_rag_KTLN\dataset\chunks\can-tho\food\merged_can-tho_food_banh-keo-dac-san-ba-rich_chunks.json: 'text'
2026-04-05 14:59:59 [ERROR   ] ingestion.ingest_runner — ❌ Lỗi Ingest file G:\My Drive\DataLake_baseknowledge_rag_KTLN\dataset\chunks\can-tho\food\merged_can-tho_food_ca-loc-nuong-trui_chunks.json: 'text'
2026-04-05 14:59:59 [ERROR   ] ingestion.ingest_runner — ❌ Lỗi Ingest file G:\My Drive\DataLake_baseknowledge_rag_KTLN\dataset\chunks\can-tho\food\merged_can-tho_food_kho-ca-loc-dong_chunks.json: 'text'
2026-04-05 14:59:59 [ERROR   ] ingestion.ingest_runner — ❌ Lỗi Ingest file G:\My Drive\DataLake_baseknowledge_rag_KTLN\dataset\chunks\can-tho\food\merged_can-tho_food_cha-ca-thac-lac_chunks.json: 'text'
2026-04-05 14:59:59 [ERROR   ] ingestion.ingest_runner — ❌ Lỗi Ingest file G:\My Drive\DataLake_baseknowledge_rag_KTLN\dataset\chunks\can-tho\food\merged_can-tho_food_ba-khia-muoi_chunks.json: 'text'
2026-04-05 14:59:59 [ERROR   ] ingestion.ingest_runner — ❌ Lỗi Ingest file G:\My Drive\DataLake_baseknowledge_rag_KTLN\dataset\chunks\can-tho\food\merged_can-tho_food_dau-ha-chau_chunks.json: 'text'
2026-04-05 14:59:59 [ERROR   ] ingestion.ingest_runner — ❌ Lỗi Ingest file G:\My Drive\DataLake_baseknowledge_rag_KTLN\dataset\chunks\can-tho\food\merged_can-tho_food_kho-ran_chunks.json: 'text'
2026-04-05 14:59:59 [ERROR   ] ingestion.ingest_runner — ❌ Lỗi Ingest file G:\My Drive\DataLake_baseknowledge_rag_KTLN\dataset\chunks\can-tho\food\merged_can-tho_food_banh-xeo_chunks.json: 'text'
2026-04-05 14:59:59 [ERROR   ] ingestion.ingest_runner — ❌ Lỗi Ingest file G:\My Drive\DataLake_baseknowledge_rag_KTLN\dataset\chunks\can-tho\food\merged_can-tho_food_vuon-trai-cay-chin-hong_chunks.json: 'text'
2026-04-05 14:59:59 [ERROR   ] ingestion.ingest_runner — ❌ Lỗi Ingest file G:\My Drive\DataLake_baseknowledge_rag_KTLN\dataset\chunks\can-tho\food\merged_can-tho_food_vuon-trai-cay-ba-cong_chunks.json: 'text'
2026-04-05 14:59:59 [ERROR   ] ingestion.ingest_runner — ❌ Lỗi Ingest file G:\My Drive\DataLake_baseknowledge_rag_KTLN\dataset\chunks\can-tho\food\merged_can-tho_food_kho-luon_chunks.json: 'text'
2026-04-05 14:59:59 [ERROR   ] ingestion.ingest_runner — ❌ Lỗi Ingest file G:\My Drive\DataLake_baseknowledge_rag_KTLN\dataset\chunks\can-tho\food\merged_can-tho_food_hu-tieu_chunks.json: 'text'
2026-04-05 14:59:59 [ERROR   ] ingestion.ingest_runner — ❌ Lỗi Ingest file G:\My Drive\DataLake_baseknowledge_rag_KTLN\dataset\chunks\can-tho\food\merged_can-tho_food_cho-noi-cai-rang_chunks.json: 'text'
2026-04-05 15:00:00 [ERROR   ] ingestion.ingest_runner — ❌ Lỗi Ingest file G:\My Drive\DataLake_baseknowledge_rag_KTLN\dataset\chunks\ca-mau\place\merged_ca-mau_place_dao-hon-khoai_chunks.json: 'text'
2026-04-05 15:00:00 [ERROR   ] ingestion.ingest_runner — ❌ Lỗi Ingest file G:\My Drive\DataLake_baseknowledge_rag_KTLN\dataset\chunks\ca-mau\place\merged_ca-mau_place_mui-ca-mau_chunks.json: 'text'
2026-04-05 15:00:00 [ERROR   ] ingestion.ingest_runner — ❌ Lỗi Ingest file G:\My Drive\DataLake_baseknowledge_rag_KTLN\dataset\chunks\ca-mau\place\merged_ca-mau_place_dam-doi_chunks.json: 'text'
2026-04-05 15:00:00 [ERROR   ] ingestion.ingest_runner — ❌ Lỗi Ingest file G:\My Drive\DataLake_baseknowledge_rag_KTLN\dataset\chunks\ca-mau\place\merged_ca-mau_place_dam-thi-tuong_chunks.json: 'text'
2026-04-05 15:00:00 [ERROR   ] ingestion.ingest_runner — ❌ Lỗi Ingest file G:\My Drive\DataLake_baseknowledge_rag_KTLN\dataset\chunks\ca-mau\place\merged_ca-mau_place_hon-da-bac_chunks.json: 'text'
2026-04-05 15:00:00 [ERROR   ] ingestion.ingest_runner — ❌ Lỗi Ingest file G:\My Drive\DataLake_baseknowledge_rag_KTLN\dataset\chunks\ca-mau\place\merged_ca-mau_place_rung-ngap-man-ca-mau_chunks.json: 'text'
2026-04-05 15:00:00 [ERROR   ] ingestion.ingest_runner — ❌ Lỗi Ingest file G:\My Drive\DataLake_baseknowledge_rag_KTLN\dataset\chunks\ca-mau\place\merged_ca-mau_place_bien-khai-long_chunks.json: 'text'
2026-04-05 15:00:00 [ERROR   ] ingestion.ingest_runner — ❌ Lỗi Ingest file G:\My Drive\DataLake_baseknowledge_rag_KTLN\dataset\chunks\ca-mau\place\merged_ca-mau_place_rung-duoc-nam-can_chunks.json: 'text'
2026-04-05 15:00:00 [ERROR   ] ingestion.ingest_runner — ❌ Lỗi Ingest file G:\My Drive\DataLake_baseknowledge_rag_KTLN\dataset\chunks\ca-mau\place\merged_ca-mau_place_rung-u-minh_chunks.json: 'text'
2026-04-05 15:00:00 [ERROR   ] ingestion.ingest_runner — ❌ Lỗi Ingest file G:\My Drive\DataLake_baseknowledge_rag_KTLN\dataset\chunks\ca-mau\place\merged_ca-mau_place_cho-noi-ca-mau_chunks.json: 'text'
2026-04-05 15:00:00 [ERROR   ] ingestion.ingest_runner — ❌ Lỗi Ingest file G:\My Drive\DataLake_baseknowledge_rag_KTLN\dataset\chunks\ca-mau\place\merged_ca-mau_place_rung-quoc-gia-u-minh-ha_chunks.json: 'text'
2026-04-05 15:00:00 [ERROR   ] ingestion.ingest_runner — ❌ Lỗi Ingest file G:\My Drive\DataLake_baseknowledge_rag_KTLN\dataset\chunks\ca-mau\place\merged_ca-mau_place_vuon-quoc-gia-mui-ca-mau_chunks.json: 'text'
2026-04-05 15:00:00 [ERROR   ] ingestion.ingest_runner — ❌ Lỗi Ingest file G:\My Drive\DataLake_baseknowledge_rag_KTLN\dataset\chunks\ca-mau\place\merged_ca-mau_place_den-tho-lac-long-quan-va-tuong-me-au-co_chunks.json: 'text'
2026-04-05 15:00:00 [ERROR   ] ingestion.ingest_runner — ❌ Lỗi Ingest file G:\My Drive\DataLake_baseknowledge_rag_KTLN\dataset\chunks\ca-mau\place\merged_ca-mau_place_khu-tuong-niem-chu-tich-ho-chi-minh_chunks.json: 'text'
2026-04-05 15:00:00 [ERROR   ] ingestion.ingest_runner — ❌ Lỗi Ingest file G:\My Drive\DataLake_baseknowledge_rag_KTLN\dataset\chunks\ca-mau\place\merged_ca-mau_place_thap-quan-sat_chunks.json: 'text'
2026-04-05 15:00:00 [ERROR   ] ingestion.ingest_runner — ❌ Lỗi Ingest file G:\My Drive\DataLake_baseknowledge_rag_KTLN\dataset\chunks\ca-mau\place\merged_ca-mau_place_bai-bien-khai-long_chunks.json: 'text'
2026-04-05 15:00:00 [ERROR   ] ingestion.ingest_runner — ❌ Lỗi Ingest file G:\My Drive\DataLake_baseknowledge_rag_KTLN\dataset\chunks\ca-mau\place\merged_ca-mau_place_ngon-hai-dang_chunks.json: 'text'
2026-04-05 15:00:00 [ERROR   ] ingestion.ingest_runner — ❌ Lỗi Ingest file G:\My Drive\DataLake_baseknowledge_rag_KTLN\dataset\chunks\ca-mau\place\merged_ca-mau_place_cot-co-ha-noi-tai-mui-ca-mau_chunks.json: 'text'
2026-04-05 15:00:00 [ERROR   ] ingestion.ingest_runner — ❌ Lỗi Ingest file G:\My Drive\DataLake_baseknowledge_rag_KTLN\dataset\chunks\ca-mau\place\merged_ca-mau_place_bieu-tuong-mui-ca-mau-con-tau-vuon-ra-bien_chunks.json: 'text'
2026-04-05 15:00:00 [ERROR   ] ingestion.ingest_runner — ❌ Lỗi Ingest file G:\My Drive\DataLake_baseknowledge_rag_KTLN\dataset\chunks\ca-mau\place\merged_ca-mau_place_cot-moc-toa-do-quoc-gia-gps-0001_chunks.json: 'text'
2026-04-05 15:00:00 [ERROR   ] ingestion.ingest_runner — ❌ Lỗi Ingest file G:\My Drive\DataLake_baseknowledge_rag_KTLN\dataset\chunks\ca-mau\place\merged_ca-mau_place_nha-day-thep-ca-mau_chunks.json: 'text'
2026-04-05 15:00:00 [ERROR   ] ingestion.ingest_runner — ❌ Lỗi Ingest file G:\My Drive\DataLake_baseknowledge_rag_KTLN\dataset\chunks\ca-mau\place\merged_ca-mau_place_ben-vam-lung_chunks.json: 'text'
2026-04-05 15:00:00 [ERROR   ] ingestion.ingest_runner — ❌ Lỗi Ingest file G:\My Drive\DataLake_baseknowledge_rag_KTLN\dataset\chunks\ca-mau\place\merged_ca-mau_place_khu-du-lich-khai-long_chunks.json: 'text'
2026-04-05 15:00:00 [ERROR   ] ingestion.ingest_runner — ❌ Lỗi Ingest file G:\My Drive\DataLake_baseknowledge_rag_KTLN\dataset\chunks\ca-mau\place\merged_ca-mau_place_nha-tho-tac-say_chunks.json: 'text'
2026-04-05 15:00:00 [ERROR   ] ingestion.ingest_runner — ❌ Lỗi Ingest file G:\My Drive\DataLake_baseknowledge_rag_KTLN\dataset\chunks\ca-mau\place\merged_ca-mau_place_can-cu-tinh-uy-xeo-duoc_chunks.json: 'text'
2026-04-05 15:00:00 [ERROR   ] ingestion.ingest_runner — ❌ Lỗi Ingest file G:\My Drive\DataLake_baseknowledge_rag_KTLN\dataset\chunks\ca-mau\place\merged_ca-mau_place_chua-monivongsa-bopharam_chunks.json: 'text'
2026-04-05 15:00:00 [ERROR   ] ingestion.ingest_runner — ❌ Lỗi Ingest file G:\My Drive\DataLake_baseknowledge_rag_KTLN\dataset\chunks\ca-mau\place\merged_ca-mau_place_khu-du-lich-sinh-thai-ca-mau-eco_chunks.json: 'text'
2026-04-05 15:00:00 [ERROR   ] ingestion.ingest_runner — ❌ Lỗi Ingest file G:\My Drive\DataLake_baseknowledge_rag_KTLN\dataset\chunks\ca-mau\food\merged_ca-mau_food_lau-mam-u-minh_chunks.json: 'text'
2026-04-05 15:00:00 [ERROR   ] ingestion.ingest_runner — ❌ Lỗi Ingest file G:\My Drive\DataLake_baseknowledge_rag_KTLN\dataset\chunks\ca-mau\food\merged_ca-mau_food_mam-ca-loc_chunks.json: 'text'
2026-04-05 15:00:00 [ERROR   ] ingestion.ingest_runner — ❌ Lỗi Ingest file G:\My Drive\DataLake_baseknowledge_rag_KTLN\dataset\chunks\ca-mau\food\merged_ca-mau_food_cua-ca-mau_chunks.json: 'text'
2026-04-05 15:00:00 [ERROR   ] ingestion.ingest_runner — ❌ Lỗi Ingest file G:\My Drive\DataLake_baseknowledge_rag_KTLN\dataset\chunks\ca-mau\food\merged_ca-mau_food_mam-tep-ca-mau_chunks.json: 'text'
2026-04-05 15:00:00 [ERROR   ] ingestion.ingest_runner — ❌ Lỗi Ingest file G:\My Drive\DataLake_baseknowledge_rag_KTLN\dataset\chunks\ca-mau\food\merged_ca-mau_food_tom-kho-rach-goc_chunks.json: 'text'
2026-04-05 15:00:00 [ERROR   ] ingestion.ingest_runner — ❌ Lỗi Ingest file G:\My Drive\DataLake_baseknowledge_rag_KTLN\dataset\chunks\ca-mau\food\merged_ca-mau_food_lau-ca-khoai_chunks.json: 'text'
2026-04-05 15:00:00 [ERROR   ] ingestion.ingest_runner — ❌ Lỗi Ingest file G:\My Drive\DataLake_baseknowledge_rag_KTLN\dataset\chunks\ca-mau\food\merged_ca-mau_food_banh-phong-tom_chunks.json: 'text'
2026-04-05 15:00:00 [ERROR   ] ingestion.ingest_runner — ❌ Lỗi Ingest file G:\My Drive\DataLake_baseknowledge_rag_KTLN\dataset\chunks\ca-mau\food\merged_ca-mau_food_banh-tam-ga-cay_chunks.json: 'text'
2026-04-05 15:00:00 [ERROR   ] ingestion.ingest_runner — ❌ Lỗi Ingest file G:\My Drive\DataLake_baseknowledge_rag_KTLN\dataset\chunks\ca-mau\food\merged_ca-mau_food_mam-ba-khia-rach-goc_chunks.json: 'text'
2026-04-05 15:00:00 [ERROR   ] ingestion.ingest_runner — ❌ Lỗi Ingest file G:\My Drive\DataLake_baseknowledge_rag_KTLN\dataset\chunks\ca-mau\food\merged_ca-mau_food_oc-len-xao-dua_chunks.json: 'text'
2026-04-05 15:00:00 [ERROR   ] ingestion.ingest_runner — ❌ Lỗi Ingest file G:\My Drive\DataLake_baseknowledge_rag_KTLN\dataset\chunks\ca-mau\food\merged_ca-mau_food_ca-thoi-loi-nuong-muoi-ot_chunks.json: 'text'
2026-04-05 15:00:00 [ERROR   ] ingestion.ingest_runner — ❌ Lỗi Ingest file G:\My Drive\DataLake_baseknowledge_rag_KTLN\dataset\chunks\soc-trang\destination\merged_soc-trang_destination_soc-trang_chunks.json: 'text'
2026-04-05 15:00:00 [ERROR   ] ingestion.ingest_runner — ❌ Lỗi Ingest file G:\My Drive\DataLake_baseknowledge_rag_KTLN\dataset\chunks\soc-trang\itinerary\merged_soc-trang_itinerary_di-lai-o-soc-trang_chunks.json: 'text'
2026-04-05 15:00:00 [ERROR   ] ingestion.ingest_runner — ❌ Lỗi Ingest file G:\My Drive\DataLake_baseknowledge_rag_KTLN\dataset\chunks\soc-trang\place\merged_soc-trang_place_cu-lao-dung_chunks.json: 'text'
2026-04-05 15:00:00 [ERROR   ] ingestion.ingest_runner — ❌ Lỗi Ingest file G:\My Drive\DataLake_baseknowledge_rag_KTLN\dataset\chunks\soc-trang\place\merged_soc-trang_place_cho-noi-nga-nam_chunks.json: 'text'
2026-04-05 15:00:00 [ERROR   ] ingestion.ingest_runner — ❌ Lỗi Ingest file G:\My Drive\DataLake_baseknowledge_rag_KTLN\dataset\chunks\soc-trang\place\merged_soc-trang_place_chua-doi_chunks.json: 'text'
2026-04-05 15:00:00 [ERROR   ] ingestion.ingest_runner — ❌ Lỗi Ingest file G:\My Drive\DataLake_baseknowledge_rag_KTLN\dataset\chunks\soc-trang\place\merged_soc-trang_place_chua-bon-mat_chunks.json: 'text'
2026-04-05 15:00:00 [ERROR   ] ingestion.ingest_runner — ❌ Lỗi Ingest file G:\My Drive\DataLake_baseknowledge_rag_KTLN\dataset\chunks\soc-trang\place\merged_soc-trang_place_chua-dat-set_chunks.json: 'text'
2026-04-05 15:00:00 [ERROR   ] ingestion.ingest_runner — ❌ Lỗi Ingest file G:\My Drive\DataLake_baseknowledge_rag_KTLN\dataset\chunks\soc-trang\place\merged_soc-trang_place_thien-vien-truc-lam_chunks.json: 'text'
2026-04-05 15:00:00 [ERROR   ] ingestion.ingest_runner — ❌ Lỗi Ingest file G:\My Drive\DataLake_baseknowledge_rag_KTLN\dataset\chunks\soc-trang\place\merged_soc-trang_place_chua-som-rong_chunks.json: 'text'
2026-04-05 15:00:00 [ERROR   ] ingestion.ingest_runner — ❌ Lỗi Ingest file G:\My Drive\DataLake_baseknowledge_rag_KTLN\dataset\chunks\soc-trang\food\merged_soc-trang_food_vu-sua-tim-dai-tam_chunks.json: 'text'
2026-04-05 15:00:00 [ERROR   ] ingestion.ingest_runner — ❌ Lỗi Ingest file G:\My Drive\DataLake_baseknowledge_rag_KTLN\dataset\chunks\soc-trang\food\merged_soc-trang_food_dac-san-dan-da_chunks.json: 'text'
2026-04-05 15:00:00 [ERROR   ] ingestion.ingest_runner — ❌ Lỗi Ingest file G:\My Drive\DataLake_baseknowledge_rag_KTLN\dataset\chunks\soc-trang\food\merged_soc-trang_food_bun-goi-da_chunks.json: 'text'
2026-04-05 15:00:00 [ERROR   ] ingestion.ingest_runner — ❌ Lỗi Ingest file G:\My Drive\DataLake_baseknowledge_rag_KTLN\dataset\chunks\soc-trang\food\merged_soc-trang_food_banh-pia_chunks.json: 'text'
2026-04-05 15:00:00 [ERROR   ] ingestion.ingest_runner — ❌ Lỗi Ingest file G:\My Drive\DataLake_baseknowledge_rag_KTLN\dataset\chunks\soc-trang\food\merged_soc-trang_food_banh-phong-tom_chunks.json: 'text'
2026-04-05 15:00:00 [ERROR   ] ingestion.ingest_runner — ❌ Lỗi Ingest file G:\My Drive\DataLake_baseknowledge_rag_KTLN\dataset\chunks\soc-trang\food\merged_soc-trang_food_com-dep_chunks.json: 'text'
2026-04-05 15:00:01 [ERROR   ] ingestion.ingest_runner — ❌ Lỗi Ingest file G:\My Drive\DataLake_baseknowledge_rag_KTLN\dataset\chunks\soc-trang\food\merged_soc-trang_food_banh-cong_chunks.json: 'text'
2026-04-05 15:00:01 [ERROR   ] ingestion.ingest_runner — ❌ Lỗi Ingest file G:\My Drive\DataLake_baseknowledge_rag_KTLN\dataset\chunks\soc-trang\food\merged_soc-trang_food_me-lao_chunks.json: 'text'
2026-04-05 15:00:01 [ERROR   ] ingestion.ingest_runner — ❌ Lỗi Ingest file G:\My Drive\DataLake_baseknowledge_rag_KTLN\dataset\chunks\soc-trang\food\merged_soc-trang_food_banh-u-man_chunks.json: 'text'
2026-04-05 15:00:01 [ERROR   ] ingestion.ingest_runner — ❌ Lỗi Ingest file G:\My Drive\DataLake_baseknowledge_rag_KTLN\dataset\chunks\soc-trang\food\merged_soc-trang_food_ca-bong-sao_chunks.json: 'text'
2026-04-05 15:00:01 [ERROR   ] ingestion.ingest_runner — ❌ Lỗi Ingest file G:\My Drive\DataLake_baseknowledge_rag_KTLN\dataset\chunks\soc-trang\food\merged_soc-trang_food_xa-bau_chunks.json: 'text'
2026-04-05 15:00:01 [ERROR   ] ingestion.ingest_runner — ❌ Lỗi Ingest file G:\My Drive\DataLake_baseknowledge_rag_KTLN\dataset\chunks\soc-trang\food\merged_soc-trang_food_be-thui-soc-trang_chunks.json: 'text'
2026-04-05 15:00:01 [ERROR   ] ingestion.ingest_runner — ❌ Lỗi Ingest file G:\My Drive\DataLake_baseknowledge_rag_KTLN\dataset\chunks\soc-trang\food\merged_soc-trang_food_banh-ong_chunks.json: 'text'
2026-04-05 15:00:01 [ERROR   ] ingestion.ingest_runner — ❌ Lỗi Ingest file G:\My Drive\DataLake_baseknowledge_rag_KTLN\dataset\chunks\soc-trang\food\merged_soc-trang_food_bun-nuoc-leo_chunks.json: 'text'
2026-04-05 15:00:01 [ERROR   ] ingestion.ingest_runner — ❌ Lỗi Ingest file G:\My Drive\DataLake_baseknowledge_rag_KTLN\dataset\chunks\soc-trang\food\merged_soc-trang_food_banh-xeo-tom-thit_chunks.json: 'text'
2026-04-05 15:00:01 [ERROR   ] ingestion.ingest_runner — ❌ Lỗi Ingest file G:\My Drive\DataLake_baseknowledge_rag_KTLN\dataset\chunks\soc-trang\food\merged_soc-trang_food_chao-ca-loc-rau-dang_chunks.json: 'text'
2026-04-05 15:00:01 [ERROR   ] ingestion.ingest_runner — ❌ Lỗi Ingest file G:\My Drive\DataLake_baseknowledge_rag_KTLN\dataset\chunks\phu-quoc\place\merged_phu-quoc_place_bac-phu-quoc_chunks.json: 'text'
2026-04-05 15:00:01 [ERROR   ] ingestion.ingest_runner — ❌ Lỗi Ingest file G:\My Drive\DataLake_baseknowledge_rag_KTLN\dataset\chunks\phu-quoc\place\merged_phu-quoc_place_nam-phu-quoc_chunks.json: 'text'
2026-04-05 15:00:01 [ERROR   ] ingestion.ingest_runner — ❌ Lỗi Ingest file G:\My Drive\DataLake_baseknowledge_rag_KTLN\dataset\chunks\phu-quoc\place\merged_phu-quoc_place_vinwonders_chunks.json: 'text'
2026-04-05 15:00:01 [ERROR   ] ingestion.ingest_runner — ❌ Lỗi Ingest file G:\My Drive\DataLake_baseknowledge_rag_KTLN\dataset\chunks\phu-quoc\place\merged_phu-quoc_place_jw-marriott-phu-quoc-emerald-bay_chunks.json: 'text'
2026-04-05 15:00:01 [ERROR   ] ingestion.ingest_runner — ❌ Lỗi Ingest file G:\My Drive\DataLake_baseknowledge_rag_KTLN\dataset\chunks\phu-quoc\place\merged_phu-quoc_place_san-bay-phu-quoc_chunks.json: 'text'
2026-04-05 15:00:01 [ERROR   ] ingestion.ingest_runner — ❌ Lỗi Ingest file G:\My Drive\DataLake_baseknowledge_rag_KTLN\dataset\chunks\phu-quoc\place\merged_phu-quoc_place_bai-sao_chunks.json: 'text'
2026-04-05 15:00:01 [ERROR   ] ingestion.ingest_runner — ❌ Lỗi Ingest file G:\My Drive\DataLake_baseknowledge_rag_KTLN\dataset\chunks\phu-quoc\place\merged_phu-quoc_place_san-bay-quoc-te-phu-quoc_chunks.json: 'text'
2026-04-05 15:00:01 [ERROR   ] ingestion.ingest_runner — ❌ Lỗi Ingest file G:\My Drive\DataLake_baseknowledge_rag_KTLN\dataset\chunks\phu-quoc\place\merged_phu-quoc_place_cang-hang-khong-quoc-te-phu-quoc_chunks.json: 'text'
2026-04-05 15:00:01 [ERROR   ] ingestion.ingest_runner — ❌ Lỗi Ingest file G:\My Drive\DataLake_baseknowledge_rag_KTLN\dataset\chunks\phu-quoc\place\merged_phu-quoc_place_bai-khem_chunks.json: 'text'
2026-04-05 15:00:01 [ERROR   ] ingestion.ingest_runner — ❌ Lỗi Ingest file G:\My Drive\DataLake_baseknowledge_rag_KTLN\dataset\chunks\phu-quoc\place\merged_phu-quoc_place_quan-dao-an-thoi_chunks.json: 'text'
2026-04-05 15:00:01 [ERROR   ] ingestion.ingest_runner — ❌ Lỗi Ingest file G:\My Drive\DataLake_baseknowledge_rag_KTLN\dataset\chunks\phu-quoc\place\merged_phu-quoc_place_nha-tu-phu-quoc_chunks.json: 'text'
2026-04-05 15:00:01 [ERROR   ] ingestion.ingest_runner — ❌ Lỗi Ingest file G:\My Drive\DataLake_baseknowledge_rag_KTLN\dataset\chunks\phu-quoc\place\merged_phu-quoc_place_dao-nam-du_chunks.json: 'text'
2026-04-05 15:00:01 [ERROR   ] ingestion.ingest_runner — ❌ Lỗi Ingest file G:\My Drive\DataLake_baseknowledge_rag_KTLN\dataset\chunks\phu-quoc\place\merged_phu-quoc_place_chua-ho-quoc_chunks.json: 'text'
2026-04-05 15:00:01 [ERROR   ] ingestion.ingest_runner — ❌ Lỗi Ingest file G:\My Drive\DataLake_baseknowledge_rag_KTLN\dataset\chunks\phu-quoc\place\merged_phu-quoc_place_an-thoi_chunks.json: 'text'
2026-04-05 15:00:01 [ERROR   ] ingestion.ingest_runner — ❌ Lỗi Ingest file G:\My Drive\DataLake_baseknowledge_rag_KTLN\dataset\chunks\phu-quoc\place\merged_phu-quoc_place_sieu-thi-dac-san-phu-quoc_chunks.json: 'text'
2026-04-05 15:00:01 [ERROR   ] ingestion.ingest_runner — ❌ Lỗi Ingest file G:\My Drive\DataLake_baseknowledge_rag_KTLN\dataset\chunks\phu-quoc\place\merged_phu-quoc_place_kingkong-mart_chunks.json: 'text'
2026-04-05 15:00:01 [ERROR   ] ingestion.ingest_runner — ❌ Lỗi Ingest file G:\My Drive\DataLake_baseknowledge_rag_KTLN\dataset\chunks\phu-quoc\place\merged_phu-quoc_place_long-beach-center_chunks.json: 'text'
2026-04-05 15:00:01 [ERROR   ] ingestion.ingest_runner — ❌ Lỗi Ingest file G:\My Drive\DataLake_baseknowledge_rag_KTLN\dataset\chunks\phu-quoc\place\merged_phu-quoc_place_quan-viet-phu-quoc_chunks.json: 'text'
2026-04-05 15:00:01 [ERROR   ] ingestion.ingest_runner — ❌ Lỗi Ingest file G:\My Drive\DataLake_baseknowledge_rag_KTLN\dataset\chunks\phu-quoc\place\merged_phu-quoc_place_phu-quoc_chunks.json: 'text'
2026-04-05 15:00:01 [ERROR   ] ingestion.ingest_runner — ❌ Lỗi Ingest file G:\My Drive\DataLake_baseknowledge_rag_KTLN\dataset\chunks\phu-quoc\place\merged_phu-quoc_place_hon-thom_chunks.json: 'text'
2026-04-05 15:00:01 [ERROR   ] ingestion.ingest_runner — ❌ Lỗi Ingest file G:\My Drive\DataLake_baseknowledge_rag_KTLN\dataset\chunks\phu-quoc\place\merged_phu-quoc_place_dao-may-rut_chunks.json: 'text'
2026-04-05 15:00:01 [ERROR   ] ingestion.ingest_runner — ❌ Lỗi Ingest file G:\My Drive\DataLake_baseknowledge_rag_KTLN\dataset\chunks\phu-quoc\place\merged_phu-quoc_place_hon-gam-ghi_chunks.json: 'text'
2026-04-05 15:00:01 [ERROR   ] ingestion.ingest_runner — ❌ Lỗi Ingest file G:\My Drive\DataLake_baseknowledge_rag_KTLN\dataset\chunks\phu-quoc\place\merged_phu-quoc_place_dao-mong-tay_chunks.json: 'text'
2026-04-05 15:00:01 [ERROR   ] ingestion.ingest_runner — ❌ Lỗi Ingest file G:\My Drive\DataLake_baseknowledge_rag_KTLN\dataset\chunks\phu-quoc\place\merged_phu-quoc_place_dao-thom_chunks.json: 'text'
2026-04-05 15:00:01 [ERROR   ] ingestion.ingest_runner — ❌ Lỗi Ingest file G:\My Drive\DataLake_baseknowledge_rag_KTLN\dataset\chunks\phu-quoc\place\merged_phu-quoc_place_dao-rua_chunks.json: 'text'
2026-04-05 15:00:01 [ERROR   ] ingestion.ingest_runner — ❌ Lỗi Ingest file G:\My Drive\DataLake_baseknowledge_rag_KTLN\dataset\chunks\phu-quoc\itinerary\merged_phu-quoc_itinerary_nhung-loi-khuyen-thiet-thuc-danh-cho-nguoi-moi-lan-bien-lan-dau_chunks.json: 'text'
2026-04-05 15:00:01 [ERROR   ] ingestion.ingest_runner — ❌ Lỗi Ingest file G:\My Drive\DataLake_baseknowledge_rag_KTLN\dataset\chunks\phu-quoc\itinerary\merged_phu-quoc_itinerary_tu-da-nang-den-phu-quoc_chunks.json: 'text'
2026-04-05 15:00:01 [ERROR   ] ingestion.ingest_runner — ❌ Lỗi Ingest file G:\My Drive\DataLake_baseknowledge_rag_KTLN\dataset\chunks\phu-quoc\food\merged_phu-quoc_food_bun-quay-kien-xay_chunks.json: 'text'
2026-04-05 15:00:01 [ERROR   ] ingestion.ingest_runner — ❌ Lỗi Ingest file G:\My Drive\DataLake_baseknowledge_rag_KTLN\dataset\chunks\phu-quoc\food\merged_phu-quoc_food_goi-ca-trich_chunks.json: 'text'
2026-04-05 15:00:01 [ERROR   ] ingestion.ingest_runner — ❌ Lỗi Ingest file G:\My Drive\DataLake_baseknowledge_rag_KTLN\dataset\chunks\phu-quoc\food\merged_phu-quoc_food_tieu-phu-quoc_chunks.json: 'text'
2026-04-05 15:00:01 [ERROR   ] ingestion.ingest_runner — ❌ Lỗi Ingest file G:\My Drive\DataLake_baseknowledge_rag_KTLN\dataset\chunks\phu-quoc\food\merged_phu-quoc_food_hu-tieu-muc_chunks.json: 'text'
2026-04-05 15:00:01 [ERROR   ] ingestion.ingest_runner — ❌ Lỗi Ingest file G:\My Drive\DataLake_baseknowledge_rag_KTLN\dataset\chunks\phu-quoc\food\merged_phu-quoc_food_bun-ken-phu-quoc_chunks.json: 'text'
2026-04-05 15:00:01 [ERROR   ] ingestion.ingest_runner — ❌ Lỗi Ingest file G:\My Drive\DataLake_baseknowledge_rag_KTLN\dataset\chunks\phu-quoc\food\merged_phu-quoc_food_ruou-sim_chunks.json: 'text'
2026-04-05 15:00:01 [ERROR   ] ingestion.ingest_runner — ❌ Lỗi Ingest file G:\My Drive\DataLake_baseknowledge_rag_KTLN\dataset\chunks\phu-quoc\food\merged_phu-quoc_food_cho-duong-dong_chunks.json: 'text'
2026-04-05 15:00:01 [ERROR   ] ingestion.ingest_runner — ❌ Lỗi Ingest file G:\My Drive\DataLake_baseknowledge_rag_KTLN\dataset\chunks\phu-quoc\food\merged_phu-quoc_food_ghe-ham-ninh_chunks.json: 'text'
2026-04-05 15:00:01 [ERROR   ] ingestion.ingest_runner — ❌ Lỗi Ingest file G:\My Drive\DataLake_baseknowledge_rag_KTLN\dataset\chunks\phu-quoc\food\merged_phu-quoc_food_banh-kheo_chunks.json: 'text'
2026-04-05 15:00:01 [ERROR   ] ingestion.ingest_runner — ❌ Lỗi Ingest file G:\My Drive\DataLake_baseknowledge_rag_KTLN\dataset\chunks\phu-quoc\food\merged_phu-quoc_food_nhum-bien_chunks.json: 'text'
2026-04-05 15:00:01 [ERROR   ] ingestion.ingest_runner — ❌ Lỗi Ingest file G:\My Drive\DataLake_baseknowledge_rag_KTLN\dataset\chunks\phu-quoc\food\merged_phu-quoc_food_nuoc-mam-phu-quoc_chunks.json: 'text'
2026-04-05 15:00:02 [ERROR   ] ingestion.ingest_runner — ❌ Lỗi Ingest file G:\My Drive\DataLake_baseknowledge_rag_KTLN\dataset\chunks\phu-quoc\food\merged_phu-quoc_food_nha-ghe-phu-quoc-crab-house_chunks.json: 'text'
2026-04-05 15:00:02 [ERROR   ] ingestion.ingest_runner — ❌ Lỗi Ingest file G:\My Drive\DataLake_baseknowledge_rag_KTLN\dataset\chunks\phu-quoc\food\merged_phu-quoc_food_nha-be-ha-quyen_chunks.json: 'text'
2026-04-05 15:00:02 [ERROR   ] ingestion.ingest_runner — ❌ Lỗi Ingest file G:\My Drive\DataLake_baseknowledge_rag_KTLN\dataset\chunks\phu-quoc\food\merged_phu-quoc_food_nha-hang-xin-chao_chunks.json: 'text'
2026-04-05 15:00:02 [ERROR   ] ingestion.ingest_runner — ❌ Lỗi Ingest file G:\My Drive\DataLake_baseknowledge_rag_KTLN\dataset\chunks\phu-quoc\food\merged_phu-quoc_food_nha-hang-bien-xanh_chunks.json: 'text'
2026-04-05 15:00:02 [ERROR   ] ingestion.ingest_runner — ❌ Lỗi Ingest file G:\My Drive\DataLake_baseknowledge_rag_KTLN\dataset\chunks\phu-quoc\food\merged_phu-quoc_food_hanh-nhung-luxury_chunks.json: 'text'
2026-04-05 15:00:02 [ERROR   ] ingestion.ingest_runner — ❌ Lỗi Ingest file G:\My Drive\DataLake_baseknowledge_rag_KTLN\dataset\chunks\phu-quoc\food\merged_phu-quoc_food_thuan-kieu-2_chunks.json: 'text'
2026-04-05 15:00:02 [ERROR   ] ingestion.ingest_runner — ❌ Lỗi Ingest file G:\My Drive\DataLake_baseknowledge_rag_KTLN\dataset\chunks\phu-quoc\food\merged_phu-quoc_food_be-ghe-floating-restaurant_chunks.json: 'text'
2026-04-05 15:00:02 [ERROR   ] ingestion.ingest_runner — ❌ Lỗi Ingest file G:\My Drive\DataLake_baseknowledge_rag_KTLN\dataset\chunks\phu-quoc\food\merged_phu-quoc_food_bup-restaurant_chunks.json: 'text'
2026-04-05 15:00:02 [ERROR   ] ingestion.ingest_runner — ❌ Lỗi Ingest file G:\My Drive\DataLake_baseknowledge_rag_KTLN\dataset\chunks\phu-quoc\food\merged_phu-quoc_food_ham-ninh-quan_chunks.json: 'text'
2026-04-05 15:00:02 [ERROR   ] ingestion.ingest_runner — ❌ Lỗi Ingest file G:\My Drive\DataLake_baseknowledge_rag_KTLN\dataset\chunks\phu-quoc\food\merged_phu-quoc_food_nha-hang-the-gioi-hai-san-ham-ninh_chunks.json: 'text'
2026-04-05 15:00:02 [ERROR   ] ingestion.ingest_runner — ❌ Lỗi Ingest file G:\My Drive\DataLake_baseknowledge_rag_KTLN\dataset\chunks\phu-quoc\food\merged_phu-quoc_food_nha-hang-hai-san-phuong-hoang_chunks.json: 'text'
2026-04-05 15:00:02 [ERROR   ] ingestion.ingest_runner — ❌ Lỗi Ingest file G:\My Drive\DataLake_baseknowledge_rag_KTLN\dataset\chunks\phu-quoc\destination\merged_phu-quoc_destination_phu-quoc_chunks.json: 'text'
2026-04-05 15:02:29 [INFO    ] service.embedding — Loading embedding model: BAAI/bge-m3 on cpu
2026-04-05 15:02:57 [INFO    ] service.embedding — EmbeddingService initialized | dim=1024
2026-04-05 15:02:58 [INFO    ] ingestion.ingest_runner — 🚀 Bắt đầu Ingest 329 file từ thư mục: */*
2026-04-05 15:02:58 [INFO    ] service.embedding — Encoding 1 documents...
2026-04-05 15:03:01 [INFO    ] ingestion.ingest_runner — ✅ Ingest thành công 1 chunks từ merged_da-lat_place_rung-giao-huong-da-lat_chunks.json
2026-04-05 15:03:01 [INFO    ] service.embedding — Encoding 1 documents...
2026-04-05 15:03:02 [INFO    ] ingestion.ingest_runner — ✅ Ingest thành công 1 chunks từ merged_da-lat_place_soul-story_chunks.json
2026-04-05 15:03:02 [INFO    ] service.embedding — Encoding 1 documents...
2026-04-05 15:03:04 [INFO    ] ingestion.ingest_runner — ✅ Ingest thành công 1 chunks từ merged_da-lat_place_thung-lung-tinh-yeu_chunks.json
2026-04-05 15:03:04 [INFO    ] service.embedding — Encoding 1 documents...
2026-04-05 15:03:06 [INFO    ] ingestion.ingest_runner — ✅ Ingest thành công 1 chunks từ merged_da-lat_place_tiem-ca-phe-binh-minh-oi_chunks.json
2026-04-05 15:03:06 [INFO    ] service.embedding — Encoding 1 documents...
2026-04-05 15:03:07 [INFO    ] ingestion.ingest_runner — ✅ Ingest thành công 1 chunks từ merged_da-lat_place_quan-trang_chunks.json
2026-04-05 15:03:07 [INFO    ] service.embedding — Encoding 1 documents...
2026-04-05 15:03:07 [INFO    ] ingestion.ingest_runner — ✅ Ingest thành công 1 chunks từ merged_da-lat_place_keng_chunks.json
2026-04-05 15:03:07 [INFO    ] service.embedding — Encoding 1 documents...
2026-04-05 15:03:08 [INFO    ] ingestion.ingest_runner — ✅ Ingest thành công 1 chunks từ merged_da-lat_place_quan-long_chunks.json
2026-04-05 15:03:08 [INFO    ] service.embedding — Encoding 1 documents...
2026-04-05 15:03:09 [INFO    ] ingestion.ingest_runner — ✅ Ingest thành công 1 chunks từ merged_da-lat_place_thac-datanla_chunks.json
2026-04-05 15:03:09 [INFO    ] service.embedding — Encoding 1 documents...
2026-04-05 15:03:10 [INFO    ] ingestion.ingest_runner — ✅ Ingest thành công 1 chunks từ merged_da-lat_place_lau-ga-la-e-tao-ngo_chunks.json
2026-04-05 15:03:10 [INFO    ] service.embedding — Encoding 2 documents...
2026-04-05 15:03:14 [INFO    ] ingestion.ingest_runner — ✅ Ingest thành công 2 chunks từ merged_da-lat_place_ho-xuan-huong_chunks.json
2026-04-05 15:03:15 [INFO    ] service.embedding — Encoding 1 documents...
2026-04-05 15:03:16 [INFO    ] ingestion.ingest_runner — ✅ Ingest thành công 1 chunks từ merged_da-lat_place_vuon-hoa-da-lat_chunks.json
2026-04-05 15:03:16 [INFO    ] service.embedding — Encoding 1 documents...
2026-04-05 15:03:17 [INFO    ] ingestion.ingest_runner — ✅ Ingest thành công 1 chunks từ merged_da-lat_place_lo-da-lat_chunks.json
2026-04-05 15:03:18 [INFO    ] service.embedding — Encoding 1 documents...
2026-04-05 15:03:18 [INFO    ] ingestion.ingest_runner — ✅ Ingest thành công 1 chunks từ merged_da-lat_place_quan-hoa-sua_chunks.json
2026-04-05 15:03:18 [INFO    ] service.embedding — Encoding 1 documents...
2026-04-05 15:03:20 [INFO    ] ingestion.ingest_runner — ✅ Ingest thành công 1 chunks từ merged_da-lat_place_vuon-yeu-da-lat_chunks.json
2026-04-05 15:03:20 [INFO    ] service.embedding — Encoding 1 documents...
2026-04-05 15:03:22 [INFO    ] ingestion.ingest_runner — ✅ Ingest thành công 1 chunks từ merged_da-lat_place_duong-ham-hoa-xa-da-lat_chunks.json
2026-04-05 15:03:22 [INFO    ] service.embedding — Encoding 1 documents...
2026-04-05 15:03:23 [INFO    ] ingestion.ingest_runner — ✅ Ingest thành công 1 chunks từ merged_da-lat_place_vuon-dau-nhat-b-farm-da-lat_chunks.json
2026-04-05 15:03:23 [INFO    ] service.embedding — Encoding 1 documents...
2026-04-05 15:03:24 [INFO    ] ingestion.ingest_runner — ✅ Ingest thành công 1 chunks từ merged_da-lat_place_phuong-xuan-huong_chunks.json
2026-04-05 15:03:24 [INFO    ] service.embedding — Encoding 1 documents...
2026-04-05 15:03:25 [INFO    ] ingestion.ingest_runner — ✅ Ingest thành công 1 chunks từ merged_da-lat_place_zoodoo_chunks.json
2026-04-05 15:03:25 [INFO    ] service.embedding — Encoding 1 documents...
2026-04-05 15:03:26 [INFO    ] ingestion.ingest_runner — ✅ Ingest thành công 1 chunks từ merged_da-lat_place_samten-hills-da-lat_chunks.json
2026-04-05 15:03:26 [INFO    ] service.embedding — Encoding 1 documents...
2026-04-05 15:03:28 [INFO    ] ingestion.ingest_runner — ✅ Ingest thành công 1 chunks từ merged_da-lat_place_pho-bich-hoa-doc-nha-lang_chunks.json
2026-04-05 15:03:28 [INFO    ] service.embedding — Encoding 1 documents...
2026-04-05 15:03:30 [INFO    ] ingestion.ingest_runner — ✅ Ingest thành công 1 chunks từ merged_da-lat_place_doi-vo-anh-da-lat_chunks.json
2026-04-05 15:03:30 [INFO    ] service.embedding — Encoding 1 documents...
2026-04-05 15:03:32 [INFO    ] ingestion.ingest_runner — ✅ Ingest thành công 1 chunks từ merged_da-lat_place_in-the-forest-da-lat_chunks.json
2026-04-05 15:03:32 [INFO    ] service.embedding — Encoding 1 documents...
2026-04-05 15:03:36 [INFO    ] ingestion.ingest_runner — ✅ Ingest thành công 1 chunks từ merged_da-lat_place_bac-thang-len-hoi-ong-troi_chunks.json
2026-04-05 15:03:36 [INFO    ] service.embedding — Encoding 1 documents...
2026-04-05 15:03:37 [INFO    ] ingestion.ingest_runner — ✅ Ingest thành công 1 chunks từ merged_da-lat_place_dalat-wonderland_chunks.json
2026-04-05 15:03:37 [INFO    ] service.embedding — Encoding 2 documents...
2026-04-05 15:03:40 [INFO    ] ingestion.ingest_runner — ✅ Ingest thành công 2 chunks từ merged_da-lat_place_cafe-suoi-mo_chunks.json
2026-04-05 15:03:40 [INFO    ] service.embedding — Encoding 2 documents...
2026-04-05 15:03:43 [INFO    ] ingestion.ingest_runner — ✅ Ingest thành công 2 chunks từ merged_da-lat_place_da-lat_chunks.json
2026-04-05 15:03:43 [INFO    ] service.embedding — Encoding 1 documents...
2026-04-05 15:03:44 [INFO    ] ingestion.ingest_runner — ✅ Ingest thành công 1 chunks từ merged_da-lat_place_dinh-bao-dai-3_chunks.json
2026-04-05 15:03:44 [INFO    ] service.embedding — Encoding 1 documents...
2026-04-05 15:03:46 [INFO    ] ingestion.ingest_runner — ✅ Ingest thành công 1 chunks từ merged_da-lat_place_hoa-son-dien-trang_chunks.json
2026-04-05 15:03:46 [INFO    ] service.embedding — Encoding 1 documents...
2026-04-05 15:03:48 [INFO    ] ingestion.ingest_runner — ✅ Ingest thành công 1 chunks từ merged_da-lat_place_ho-tuyen-lam_chunks.json
2026-04-05 15:03:48 [INFO    ] service.embedding — Encoding 1 documents...
2026-04-05 15:03:49 [INFO    ] ingestion.ingest_runner — ✅ Ingest thành công 1 chunks từ merged_da-lat_place_doi-co-hong_chunks.json
2026-04-05 15:03:49 [INFO    ] service.embedding — Encoding 2 documents...
2026-04-05 15:03:52 [INFO    ] ingestion.ingest_runner — ✅ Ingest thành công 2 chunks từ merged_da-lat_place_dalat-fairytale-land_chunks.json
2026-04-05 15:03:52 [INFO    ] service.embedding — Encoding 5 documents...
2026-04-05 15:03:58 [INFO    ] ingestion.ingest_runner — ✅ Ingest thành công 5 chunks từ merged_da-lat_destination_da-lat_chunks.json
2026-04-05 15:03:58 [INFO    ] service.embedding — Encoding 2 documents...
2026-04-05 15:04:01 [INFO    ] ingestion.ingest_runner — ✅ Ingest thành công 2 chunks từ merged_da-lat_itinerary_lich-trinh-du-lich-da-lat-3-ngay-2-dem-3n2d_chunks.json
2026-04-05 15:04:01 [INFO    ] service.embedding — Encoding 2 documents...
2026-04-05 15:04:04 [INFO    ] ingestion.ingest_runner — ✅ Ingest thành công 2 chunks từ merged_da-lat_itinerary_goi-y-lich-trinh-du-lich-da-lat-3n2d-tu-tuc-cho-cap-doi-tiet-kiem-nhat_chunks.json
2026-04-05 15:04:04 [INFO    ] service.embedding — Encoding 2 documents...
2026-04-05 15:04:08 [INFO    ] ingestion.ingest_runner — ✅ Ingest thành công 2 chunks từ merged_da-lat_itinerary_lich-trinh-du-lich-da-lat-2-ngay-1-dem-2n1d_chunks.json
2026-04-05 15:04:08 [INFO    ] service.embedding — Encoding 6 documents...
2026-04-05 15:04:15 [INFO    ] ingestion.ingest_runner — ✅ Ingest thành công 6 chunks từ merged_da-lat_itinerary_goi-y-chi-tiet-lich-trinh-da-lat-3n2d-cho-cac-cap-doi_chunks.json
2026-04-05 15:04:15 [INFO    ] service.embedding — Encoding 1 documents...
2026-04-05 15:04:16 [INFO    ] ingestion.ingest_runner — ✅ Ingest thành công 1 chunks từ merged_da-lat_food_bun-bo-da-lat_chunks.json
2026-04-05 15:04:16 [INFO    ] service.embedding — Encoding 2 documents...
2026-04-05 15:04:18 [INFO    ] ingestion.ingest_runner — ✅ Ingest thành công 2 chunks từ merged_da-lat_food_banh-trang-nuong_chunks.json
2026-04-05 15:04:18 [INFO    ] service.embedding — Encoding 3 documents...
2026-04-05 15:04:22 [INFO    ] ingestion.ingest_runner — ✅ Ingest thành công 3 chunks từ merged_da-lat_food_banh-can_chunks.json
2026-04-05 15:04:22 [INFO    ] service.embedding — Encoding 1 documents...
2026-04-05 15:04:23 [INFO    ] ingestion.ingest_runner — ✅ Ingest thành công 1 chunks từ merged_da-lat_food_ga-nuong-com-lam_chunks.json
2026-04-05 15:04:23 [INFO    ] service.embedding — Encoding 1 documents...
2026-04-05 15:04:24 [INFO    ] ingestion.ingest_runner — ✅ Ingest thành công 1 chunks từ merged_da-lat_food_lau-ca-tam_chunks.json
2026-04-05 15:04:24 [INFO    ] service.embedding — Encoding 1 documents...
2026-04-05 15:04:25 [INFO    ] ingestion.ingest_runner — ✅ Ingest thành công 1 chunks từ merged_da-lat_food_mi-quang-da-lat_chunks.json
2026-04-05 15:04:25 [INFO    ] service.embedding — Encoding 1 documents...
2026-04-05 15:04:26 [INFO    ] ingestion.ingest_runner — ✅ Ingest thành công 1 chunks từ merged_da-lat_food_banh-mi-xiu-mai-phuc-han_chunks.json
2026-04-05 15:04:26 [INFO    ] service.embedding — Encoding 1 documents...
2026-04-05 15:04:27 [INFO    ] ingestion.ingest_runner — ✅ Ingest thành công 1 chunks từ merged_da-lat_food_lau-bo-da-lat_chunks.json
2026-04-05 15:04:27 [INFO    ] service.embedding — Encoding 3 documents...
2026-04-05 15:04:29 [INFO    ] ingestion.ingest_runner — ✅ Ingest thành công 3 chunks từ merged_da-lat_food_banh-uot-long-ga_chunks.json
2026-04-05 15:04:29 [INFO    ] service.embedding — Encoding 1 documents...
2026-04-05 15:04:30 [INFO    ] ingestion.ingest_runner — ✅ Ingest thành công 1 chunks từ merged_da-lat_food_banh-can-da-lat_chunks.json
2026-04-05 15:04:30 [INFO    ] service.embedding — Encoding 1 documents...
2026-04-05 15:04:32 [INFO    ] ingestion.ingest_runner — ✅ Ingest thành công 1 chunks từ merged_da-lat_food_lau-ga-la-e_chunks.json
2026-04-05 15:04:32 [INFO    ] service.embedding — Encoding 1 documents...
2026-04-05 15:04:32 [INFO    ] ingestion.ingest_runner — ✅ Ingest thành công 1 chunks từ merged_da-lat_food_banh-beo_chunks.json
2026-04-05 15:04:32 [INFO    ] service.embedding — Encoding 1 documents...
2026-04-05 15:04:34 [INFO    ] ingestion.ingest_runner — ✅ Ingest thành công 1 chunks từ merged_da-lat_food_banh-uot-xep-chong_chunks.json
2026-04-05 15:04:34 [INFO    ] service.embedding — Encoding 1 documents...
2026-04-05 15:04:34 [INFO    ] ingestion.ingest_runner — ✅ Ingest thành công 1 chunks từ merged_da-lat_food_banh-mi-xiu-mai_chunks.json
2026-04-05 15:04:34 [INFO    ] service.embedding — Encoding 2 documents...
2026-04-05 15:04:37 [INFO    ] ingestion.ingest_runner — ✅ Ingest thành công 2 chunks từ merged_an-giang_place_chua-kim-tien_chunks.json
2026-04-05 15:04:37 [INFO    ] service.embedding — Encoding 1 documents...
2026-04-05 15:04:39 [INFO    ] ingestion.ingest_runner — ✅ Ingest thành công 1 chunks từ merged_an-giang_place_canh-dong-ta-pa_chunks.json
2026-04-05 15:04:39 [INFO    ] service.embedding — Encoding 1 documents...
2026-04-05 15:04:39 [INFO    ] ingestion.ingest_runner — ✅ Ingest thành công 1 chunks từ merged_an-giang_place_bung-binh-thien_chunks.json
2026-04-05 15:04:39 [INFO    ] service.embedding — Encoding 1 documents...
2026-04-05 15:04:40 [INFO    ] ingestion.ingest_runner — ✅ Ingest thành công 1 chunks từ merged_an-giang_place_ho-soai-so_chunks.json
2026-04-05 15:04:40 [INFO    ] service.embedding — Encoding 1 documents...
2026-04-05 15:04:41 [INFO    ] ingestion.ingest_runner — ✅ Ingest thành công 1 chunks từ merged_an-giang_place_doi-tuc-dup_chunks.json
2026-04-05 15:04:41 [INFO    ] service.embedding — Encoding 1 documents...
2026-04-05 15:04:42 [INFO    ] ingestion.ingest_runner — ✅ Ingest thành công 1 chunks từ merged_an-giang_place_cho-tinh-bien_chunks.json
2026-04-05 15:04:42 [INFO    ] service.embedding — Encoding 2 documents...
2026-04-05 15:04:43 [INFO    ] ingestion.ingest_runner — ✅ Ingest thành công 2 chunks từ merged_an-giang_place_ho-latina_chunks.json
2026-04-05 15:04:43 [INFO    ] service.embedding — Encoding 1 documents...
2026-04-05 15:04:44 [INFO    ] ingestion.ingest_runner — ✅ Ingest thành công 1 chunks từ merged_an-giang_place_ho-o-thum_chunks.json
2026-04-05 15:04:44 [INFO    ] service.embedding — Encoding 2 documents...
2026-04-05 15:04:47 [INFO    ] ingestion.ingest_runner — ✅ Ingest thành công 2 chunks từ merged_an-giang_place_chua-xa-ton-tri-ton-chua-xvayton_chunks.json
2026-04-05 15:04:47 [INFO    ] service.embedding — Encoding 1 documents...
2026-04-05 15:04:48 [INFO    ] ingestion.ingest_runner — ✅ Ingest thành công 1 chunks từ merged_an-giang_place_chua-tay-an-nui-sam-tay-an-co-tu_chunks.json
2026-04-05 15:04:48 [INFO    ] service.embedding — Encoding 1 documents...
2026-04-05 15:04:49 [INFO    ] ingestion.ingest_runner — ✅ Ingest thành công 1 chunks từ merged_an-giang_place_bao-tang-an-giang_chunks.json
2026-04-05 15:04:49 [INFO    ] service.embedding — Encoding 2 documents...
2026-04-05 15:04:52 [INFO    ] ingestion.ingest_runner — ✅ Ingest thành công 2 chunks từ merged_an-giang_place_chua-van-linh_chunks.json
2026-04-05 15:04:52 [INFO    ] service.embedding — Encoding 2 documents...
2026-04-05 15:04:54 [INFO    ] ingestion.ingest_runner — ✅ Ingest thành công 2 chunks từ merged_an-giang_place_cho-noi-long-xuyen_chunks.json
2026-04-05 15:04:54 [INFO    ] service.embedding — Encoding 1 documents...
2026-04-05 15:04:55 [INFO    ] ingestion.ingest_runner — ✅ Ingest thành công 1 chunks từ merged_an-giang_place_chua-xa-ton_chunks.json
2026-04-05 15:04:55 [INFO    ] service.embedding — Encoding 1 documents...
2026-04-05 15:04:56 [INFO    ] ingestion.ingest_runner — ✅ Ingest thành công 1 chunks từ merged_an-giang_place_khach-san-victoria-chau-doc_chunks.json
2026-04-05 15:04:56 [INFO    ] service.embedding — Encoding 1 documents...
2026-04-05 15:04:57 [INFO    ] ingestion.ingest_runner — ✅ Ingest thành công 1 chunks từ merged_an-giang_place_khu-luu-niem-chu-tich-ton-duc-thang_chunks.json
2026-04-05 15:04:57 [INFO    ] service.embedding — Encoding 1 documents...
2026-04-05 15:04:58 [INFO    ] ingestion.ingest_runner — ✅ Ingest thành công 1 chunks từ merged_an-giang_place_chua-ta-pa_chunks.json
2026-04-05 15:04:58 [INFO    ] service.embedding — Encoding 1 documents...
2026-04-05 15:04:59 [INFO    ] ingestion.ingest_runner — ✅ Ingest thành công 1 chunks từ merged_an-giang_place_cho-bien-gioi-tinh-bien_chunks.json
2026-04-05 15:04:59 [INFO    ] service.embedding — Encoding 2 documents...
2026-04-05 15:05:02 [INFO    ] ingestion.ingest_runner — ✅ Ingest thành công 2 chunks từ merged_an-giang_place_lang-thoai-ngoc-hau_chunks.json
2026-04-05 15:05:02 [INFO    ] service.embedding — Encoding 1 documents...
2026-04-05 15:05:03 [INFO    ] ingestion.ingest_runner — ✅ Ingest thành công 1 chunks từ merged_an-giang_place_chua-phuoc-thanh_chunks.json
2026-04-05 15:05:03 [INFO    ] service.embedding — Encoding 1 documents...
2026-04-05 15:05:04 [INFO    ] ingestion.ingest_runner — ✅ Ingest thành công 1 chunks từ merged_an-giang_place_ho-ong-thoai-nui-sap_chunks.json
2026-04-05 15:05:04 [INFO    ] service.embedding — Encoding 3 documents...
2026-04-05 15:05:06 [INFO    ] ingestion.ingest_runner — ✅ Ingest thành công 3 chunks từ merged_an-giang_place_chua-lau_chunks.json
2026-04-05 15:05:06 [INFO    ] service.embedding — Encoding 1 documents...
2026-04-05 15:05:08 [INFO    ] ingestion.ingest_runner — ✅ Ingest thành công 1 chunks từ merged_an-giang_place_ho-ong-thoai_chunks.json
2026-04-05 15:05:08 [INFO    ] service.embedding — Encoding 2 documents...
2026-04-05 15:05:09 [INFO    ] ingestion.ingest_runner — ✅ Ingest thành công 2 chunks từ merged_an-giang_place_cho-chau-doc_chunks.json
2026-04-05 15:05:09 [INFO    ] service.embedding — Encoding 1 documents...
2026-04-05 15:05:10 [INFO    ] ingestion.ingest_runner — ✅ Ingest thành công 1 chunks từ merged_an-giang_place_lang-cham-chau-phongchau-giang_chunks.json
2026-04-05 15:05:10 [INFO    ] service.embedding — Encoding 2 documents...
2026-04-05 15:05:13 [INFO    ] ingestion.ingest_runner — ✅ Ingest thành công 2 chunks từ merged_an-giang_place_chua-huynh-dao_chunks.json
2026-04-05 15:05:13 [INFO    ] service.embedding — Encoding 1 documents...
2026-04-05 15:05:15 [INFO    ] ingestion.ingest_runner — ✅ Ingest thành công 1 chunks từ merged_an-giang_place_chua-bong-lai_chunks.json
2026-04-05 15:05:15 [INFO    ] service.embedding — Encoding 1 documents...
2026-04-05 15:05:16 [INFO    ] ingestion.ingest_runner — ✅ Ingest thành công 1 chunks từ merged_an-giang_place_chua-van-linh-nui-cam_chunks.json
2026-04-05 15:05:16 [INFO    ] service.embedding — Encoding 1 documents...
2026-04-05 15:05:17 [INFO    ] ingestion.ingest_runner — ✅ Ingest thành công 1 chunks từ merged_an-giang_place_chua-moi-an-giang_chunks.json
2026-04-05 15:05:17 [INFO    ] service.embedding — Encoding 1 documents...
2026-04-05 15:05:18 [INFO    ] ingestion.ingest_runner — ✅ Ingest thành công 1 chunks từ merged_an-giang_place_chua-hang-chau-doc_chunks.json
2026-04-05 15:05:18 [INFO    ] service.embedding — Encoding 1 documents...
2026-04-05 15:05:19 [INFO    ] ingestion.ingest_runner — ✅ Ingest thành công 1 chunks từ merged_an-giang_place_khu-du-lich-nui-sap_chunks.json
2026-04-05 15:05:19 [INFO    ] service.embedding — Encoding 1 documents...
2026-04-05 15:05:20 [INFO    ] ingestion.ingest_runner — ✅ Ingest thành công 1 chunks từ merged_an-giang_place_rung-tram-tra-su_chunks.json
2026-04-05 15:05:20 [INFO    ] service.embedding — Encoding 2 documents...
2026-04-05 15:05:22 [INFO    ] ingestion.ingest_runner — ✅ Ingest thành công 2 chunks từ merged_an-giang_place_chua-ong-bon-chau-doc_chunks.json
2026-04-05 15:05:22 [INFO    ] service.embedding — Encoding 1 documents...
2026-04-05 15:05:23 [INFO    ] ingestion.ingest_runner — ✅ Ingest thành công 1 chunks từ merged_an-giang_place_van-huong-mai_chunks.json
2026-04-05 15:05:23 [INFO    ] service.embedding — Encoding 1 documents...
2026-04-05 15:05:24 [INFO    ] ingestion.ingest_runner — ✅ Ingest thành công 1 chunks từ merged_an-giang_place_canh-cong-chua-koh-kas_chunks.json
2026-04-05 15:05:24 [INFO    ] service.embedding — Encoding 1 documents...
2026-04-05 15:05:24 [INFO    ] ingestion.ingest_runner — ✅ Ingest thành công 1 chunks từ merged_an-giang_place_thot-not-trai-tim_chunks.json
2026-04-05 15:05:24 [INFO    ] service.embedding — Encoding 2 documents...
2026-04-05 15:05:27 [INFO    ] ingestion.ingest_runner — ✅ Ingest thành công 2 chunks từ merged_an-giang_place_chua-koh-kas_chunks.json
2026-04-05 15:05:27 [INFO    ] service.embedding — Encoding 1 documents...
2026-04-05 15:05:27 [INFO    ] ingestion.ingest_runner — ✅ Ingest thành công 1 chunks từ merged_an-giang_place_lang-cham-chau-giang_chunks.json
2026-04-05 15:05:27 [INFO    ] service.embedding — Encoding 1 documents...
2026-04-05 15:05:28 [INFO    ] ingestion.ingest_runner — ✅ Ingest thành công 1 chunks từ merged_an-giang_place_thien-vien-truc-lam-an-giang_chunks.json
2026-04-05 15:05:28 [INFO    ] service.embedding — Encoding 1 documents...
2026-04-05 15:05:29 [INFO    ] ingestion.ingest_runner — ✅ Ingest thành công 1 chunks từ merged_an-giang_place_phuoc-dien-tu-chua-hang_chunks.json
2026-04-05 15:05:29 [INFO    ] service.embedding — Encoding 2 documents...
2026-04-05 15:05:31 [INFO    ] ingestion.ingest_runner — ✅ Ingest thành công 2 chunks từ merged_an-giang_place_nha-mo-ba-chuc_chunks.json
2026-04-05 15:05:31 [INFO    ] service.embedding — Encoding 1 documents...
2026-04-05 15:05:32 [INFO    ] ingestion.ingest_runner — ✅ Ingest thành công 1 chunks từ merged_an-giang_place_thanh-duong-hoi-giao-jamiul-azhar_chunks.json
2026-04-05 15:05:32 [INFO    ] service.embedding — Encoding 2 documents...
2026-04-05 15:05:34 [INFO    ] ingestion.ingest_runner — ✅ Ingest thành công 2 chunks từ merged_an-giang_place_mieu-ba-chua-xu-nui-sam_chunks.json
2026-04-05 15:05:34 [INFO    ] service.embedding — Encoding 1 documents...
2026-04-05 15:05:35 [INFO    ] ingestion.ingest_runner — ✅ Ingest thành công 1 chunks từ merged_an-giang_place_phuoc-lam-tu-chua-lau_chunks.json
2026-04-05 15:05:35 [INFO    ] service.embedding — Encoding 1 documents...
2026-04-05 15:05:36 [INFO    ] ingestion.ingest_runner — ✅ Ingest thành công 1 chunks từ merged_an-giang_place_nui-sam_chunks.json
2026-04-05 15:05:36 [INFO    ] service.embedding — Encoding 1 documents...
2026-04-05 15:05:37 [INFO    ] ingestion.ingest_runner — ✅ Ingest thành công 1 chunks từ merged_an-giang_place_tay-an-co-tu-chua-tay-an_chunks.json
2026-04-05 15:05:37 [INFO    ] service.embedding — Encoding 1 documents...
2026-04-05 15:05:38 [INFO    ] ingestion.ingest_runner — ✅ Ingest thành công 1 chunks từ merged_an-giang_place_mieu-ba-chua-xu-bau-muop_chunks.json
2026-04-05 15:05:38 [INFO    ] service.embedding — Encoding 1 documents...
2026-04-05 15:05:39 [INFO    ] ingestion.ingest_runner — ✅ Ingest thành công 1 chunks từ merged_an-giang_place_cua-hang-dac-san-mam-chau-doc-ba-giao-thao_chunks.json
2026-04-05 15:05:39 [INFO    ] service.embedding — Encoding 1 documents...
2026-04-05 15:05:40 [INFO    ] ingestion.ingest_runner — ✅ Ingest thành công 1 chunks từ merged_an-giang_place_nui-cam-thien-cam-son_chunks.json
2026-04-05 15:05:40 [INFO    ] service.embedding — Encoding 1 documents...
2026-04-05 15:05:41 [INFO    ] ingestion.ingest_runner — ✅ Ingest thành công 1 chunks từ merged_an-giang_place_sieu-thi-tu-son_chunks.json
2026-04-05 15:05:41 [INFO    ] service.embedding — Encoding 5 documents...
2026-04-05 15:05:46 [INFO    ] ingestion.ingest_runner — ✅ Ingest thành công 5 chunks từ merged_an-giang_destination_an-giang_chunks.json
2026-04-05 15:05:46 [INFO    ] service.embedding — Encoding 1 documents...
2026-04-05 15:05:47 [INFO    ] ingestion.ingest_runner — ✅ Ingest thành công 1 chunks từ merged_an-giang_food_kho-ran-nuong-an-phu_chunks.json
2026-04-05 15:05:47 [INFO    ] service.embedding — Encoding 1 documents...
2026-04-05 15:05:48 [INFO    ] ingestion.ingest_runner — ✅ Ingest thành công 1 chunks từ merged_an-giang_food_ca-na-dap-dap_chunks.json
2026-04-05 15:05:48 [INFO    ] service.embedding — Encoding 4 documents...
2026-04-05 15:05:54 [INFO    ] ingestion.ingest_runner — ✅ Ingest thành công 4 chunks từ merged_an-giang_food_com-tam-long-xuyen_chunks.json
2026-04-05 15:05:54 [INFO    ] service.embedding — Encoding 3 documents...
2026-04-05 15:05:57 [INFO    ] ingestion.ingest_runner — ✅ Ingest thành công 3 chunks từ merged_an-giang_food_ech-kep-nuong-tri-ton_chunks.json
2026-04-05 15:05:57 [INFO    ] service.embedding — Encoding 1 documents...
2026-04-05 15:05:58 [INFO    ] ingestion.ingest_runner — ✅ Ingest thành công 1 chunks từ merged_an-giang_food_che-thot-not-an-giang_chunks.json
2026-04-05 15:05:58 [INFO    ] service.embedding — Encoding 3 documents...
2026-04-05 15:06:00 [INFO    ] ingestion.ingest_runner — ✅ Ingest thành công 3 chunks từ merged_an-giang_food_goi-sau-dau_chunks.json
2026-04-05 15:06:00 [INFO    ] service.embedding — Encoding 3 documents...
2026-04-05 15:06:04 [INFO    ] ingestion.ingest_runner — ✅ Ingest thành công 3 chunks từ merged_an-giang_food_banh-bo-thot-not_chunks.json
2026-04-05 15:06:04 [INFO    ] service.embedding — Encoding 3 documents...
2026-04-05 15:06:06 [INFO    ] ingestion.ingest_runner — ✅ Ingest thành công 3 chunks từ merged_an-giang_food_ga-dot-la-chuc-o-thum_chunks.json
2026-04-05 15:06:06 [INFO    ] service.embedding — Encoding 3 documents...
2026-04-05 15:06:11 [INFO    ] ingestion.ingest_runner — ✅ Ingest thành công 3 chunks từ merged_an-giang_food_banh-xeo-nui-cam_chunks.json
2026-04-05 15:06:11 [INFO    ] service.embedding — Encoding 1 documents...
2026-04-05 15:06:12 [INFO    ] ingestion.ingest_runner — ✅ Ingest thành công 1 chunks từ merged_an-giang_food_banh-phong-ca-linh_chunks.json
2026-04-05 15:06:12 [INFO    ] service.embedding — Encoding 1 documents...
2026-04-05 15:06:14 [INFO    ] ingestion.ingest_runner — ✅ Ingest thành công 1 chunks từ merged_an-giang_food_banh-tam-bi-tan-chau_chunks.json
2026-04-05 15:06:14 [INFO    ] service.embedding — Encoding 1 documents...
2026-04-05 15:06:15 [INFO    ] ingestion.ingest_runner — ✅ Ingest thành công 1 chunks từ merged_an-giang_food_banh-cham-an-giang_chunks.json
2026-04-05 15:06:15 [INFO    ] service.embedding — Encoding 2 documents...
2026-04-05 15:06:17 [INFO    ] ingestion.ingest_runner — ✅ Ingest thành công 2 chunks từ merged_an-giang_food_bun-ca-long-xuyen_chunks.json
2026-04-05 15:06:18 [INFO    ] service.embedding — Encoding 2 documents...
2026-04-05 15:06:19 [INFO    ] ingestion.ingest_runner — ✅ Ingest thành công 2 chunks từ merged_an-giang_food_goi-du-du-dam_chunks.json
2026-04-05 15:06:20 [INFO    ] service.embedding — Encoding 1 documents...
2026-04-05 15:06:20 [INFO    ] ingestion.ingest_runner — ✅ Ingest thành công 1 chunks từ merged_an-giang_food_ga-hap-la-truc_chunks.json
2026-04-05 15:06:20 [INFO    ] service.embedding — Encoding 3 documents...
2026-04-05 15:06:24 [INFO    ] ingestion.ingest_runner — ✅ Ingest thành công 3 chunks từ merged_an-giang_food_duong-thot-not_chunks.json
2026-04-05 15:06:24 [INFO    ] service.embedding — Encoding 1 documents...
2026-04-05 15:06:25 [INFO    ] ingestion.ingest_runner — ✅ Ingest thành công 1 chunks từ merged_an-giang_food_banh-phong-phu-my_chunks.json
2026-04-05 15:06:25 [INFO    ] service.embedding — Encoding 1 documents...
2026-04-05 15:06:26 [INFO    ] ingestion.ingest_runner — ✅ Ingest thành công 1 chunks từ merged_an-giang_food_goi-du-du-dam-tri-ton_chunks.json
2026-04-05 15:06:26 [INFO    ] service.embedding — Encoding 2 documents...
2026-04-05 15:06:27 [INFO    ] ingestion.ingest_runner — ✅ Ingest thành công 2 chunks từ merged_an-giang_food_com-dep-an-giang_chunks.json
2026-04-05 15:06:27 [INFO    ] service.embedding — Encoding 3 documents...
2026-04-05 15:06:31 [INFO    ] ingestion.ingest_runner — ✅ Ingest thành công 3 chunks từ merged_an-giang_food_banh-canh-vinh-trung_chunks.json
2026-04-05 15:06:31 [INFO    ] service.embedding — Encoding 3 documents...
2026-04-05 15:06:33 [INFO    ] ingestion.ingest_runner — ✅ Ingest thành công 3 chunks từ merged_an-giang_food_lia-tan-chau_chunks.json
2026-04-05 15:06:33 [INFO    ] service.embedding — Encoding 1 documents...
2026-04-05 15:06:34 [INFO    ] ingestion.ingest_runner — ✅ Ingest thành công 1 chunks từ merged_an-giang_food_kho-ca-tra_chunks.json
2026-04-05 15:06:34 [INFO    ] service.embedding — Encoding 1 documents...
2026-04-05 15:06:35 [INFO    ] ingestion.ingest_runner — ✅ Ingest thành công 1 chunks từ merged_an-giang_food_xoi-phong-cho-moi_chunks.json
2026-04-05 15:06:35 [INFO    ] service.embedding — Encoding 2 documents...
2026-04-05 15:06:37 [INFO    ] ingestion.ingest_runner — ✅ Ingest thành công 2 chunks từ merged_an-giang_food_tung-lo-mo_chunks.json
2026-04-05 15:06:37 [INFO    ] service.embedding — Encoding 2 documents...
2026-04-05 15:06:38 [INFO    ] ingestion.ingest_runner — ✅ Ingest thành công 2 chunks từ merged_an-giang_food_mam-chau-doc_chunks.json
2026-04-05 15:06:38 [INFO    ] service.embedding — Encoding 1 documents...
2026-04-05 15:06:39 [INFO    ] ingestion.ingest_runner — ✅ Ingest thành công 1 chunks từ merged_an-giang_food_heo-sua-quay_chunks.json
2026-04-05 15:06:39 [INFO    ] service.embedding — Encoding 1 documents...
2026-04-05 15:06:39 [INFO    ] ingestion.ingest_runner — ✅ Ingest thành công 1 chunks từ merged_an-giang_food_tung-lo-mo-lap-xuong-bo-cham_chunks.json
2026-04-05 15:06:39 [INFO    ] service.embedding — Encoding 1 documents...
2026-04-05 15:06:40 [INFO    ] ingestion.ingest_runner — ✅ Ingest thành công 1 chunks từ merged_an-giang_food_lap-xuong-bo_chunks.json
2026-04-05 15:06:40 [INFO    ] service.embedding — Encoding 1 documents...
2026-04-05 15:06:41 [INFO    ] ingestion.ingest_runner — ✅ Ingest thành công 1 chunks từ merged_an-giang_food_lau-mam-chau-doc_chunks.json
2026-04-05 15:06:41 [INFO    ] service.embedding — Encoding 2 documents...
2026-04-05 15:06:43 [INFO    ] ingestion.ingest_runner — ✅ Ingest thành công 2 chunks từ merged_an-giang_food_qua-truc-that-son_chunks.json
2026-04-05 15:06:43 [INFO    ] service.embedding — Encoding 1 documents...
2026-04-05 15:06:44 [INFO    ] ingestion.ingest_runner — ✅ Ingest thành công 1 chunks từ merged_an-giang_food_chao-bo-tri-ton_chunks.json
2026-04-05 15:06:44 [INFO    ] service.embedding — Encoding 1 documents...
2026-04-05 15:06:44 [INFO    ] ingestion.ingest_runner — ✅ Ingest thành công 1 chunks từ merged_an-giang_food_bun-ken_chunks.json
2026-04-05 15:06:44 [INFO    ] service.embedding — Encoding 1 documents...
2026-04-05 15:06:45 [INFO    ] ingestion.ingest_runner — ✅ Ingest thành công 1 chunks từ merged_an-giang_food_chao-long-an-giang_chunks.json
2026-04-05 15:06:45 [INFO    ] service.embedding — Encoding 1 documents...
2026-04-05 15:06:46 [INFO    ] ingestion.ingest_runner — ✅ Ingest thành công 1 chunks từ merged_an-giang_food_bo-leo-nui-tan-chau_chunks.json
2026-04-05 15:06:46 [INFO    ] service.embedding — Encoding 1 documents...
2026-04-05 15:06:46 [INFO    ] ingestion.ingest_runner — ✅ Ingest thành công 1 chunks từ merged_an-giang_food_com-ga-bay-nui_chunks.json
2026-04-05 15:06:46 [INFO    ] service.embedding — Encoding 1 documents...
2026-04-05 15:06:47 [INFO    ] ingestion.ingest_runner — ✅ Ingest thành công 1 chunks từ merged_an-giang_food_bun-ca-chau-doc_chunks.json
2026-04-05 15:06:47 [INFO    ] service.embedding — Encoding 1 documents...
2026-04-05 15:06:48 [INFO    ] ingestion.ingest_runner — ✅ Ingest thành công 1 chunks từ merged_an-giang_food_ca-loc-nuong-trui_chunks.json
2026-04-05 15:06:48 [INFO    ] service.embedding — Encoding 1 documents...
2026-04-05 15:06:49 [INFO    ] ingestion.ingest_runner — ✅ Ingest thành công 1 chunks từ merged_an-giang_food_banh-beo-ngot-nhan-dau-xanh-nuoc-cot-dua_chunks.json
2026-04-05 15:06:49 [INFO    ] service.embedding — Encoding 1 documents...
2026-04-05 15:06:50 [INFO    ] ingestion.ingest_runner — ✅ Ingest thành công 1 chunks từ merged_an-giang_food_chuot-quay-lu_chunks.json
2026-04-05 15:06:50 [INFO    ] service.embedding — Encoding 1 documents...
2026-04-05 15:06:51 [INFO    ] ingestion.ingest_runner — ✅ Ingest thành công 1 chunks từ merged_an-giang_food_bo-pha-lau_chunks.json
2026-04-05 15:06:51 [INFO    ] service.embedding — Encoding 1 documents...
2026-04-05 15:06:51 [INFO    ] ingestion.ingest_runner — ✅ Ingest thành công 1 chunks từ merged_an-giang_food_ca-linh-kho-mia_chunks.json
2026-04-05 15:06:51 [INFO    ] service.embedding — Encoding 1 documents...
2026-04-05 15:06:52 [INFO    ] ingestion.ingest_runner — ✅ Ingest thành công 1 chunks từ merged_an-giang_food_kho-ca-an-giang_chunks.json
2026-04-05 15:06:52 [INFO    ] service.embedding — Encoding 1 documents...
2026-04-05 15:06:53 [INFO    ] ingestion.ingest_runner — ✅ Ingest thành công 1 chunks từ merged_an-giang_food_me-ngao-duong_chunks.json
2026-04-05 15:06:53 [INFO    ] service.embedding — Encoding 1 documents...
2026-04-05 15:06:53 [INFO    ] ingestion.ingest_runner — ✅ Ingest thành công 1 chunks từ merged_an-giang_food_banh-com-dep_chunks.json
2026-04-05 15:06:53 [INFO    ] service.embedding — Encoding 1 documents...
2026-04-05 15:06:54 [INFO    ] ingestion.ingest_runner — ✅ Ingest thành công 1 chunks từ merged_an-giang_food_lau-cua-dong_chunks.json
2026-04-05 15:06:54 [INFO    ] service.embedding — Encoding 3 documents...
2026-04-05 15:06:58 [INFO    ] ingestion.ingest_runner — ✅ Ingest thành công 3 chunks từ merged_an-giang_itinerary_lich-trinh-du-lich-an-giang-2-ngay-1-dem-hap-dan_chunks.json
2026-04-05 15:06:58 [INFO    ] service.embedding — Encoding 3 documents...
2026-04-05 15:07:01 [INFO    ] ingestion.ingest_runner — ✅ Ingest thành công 3 chunks từ merged_can-tho_destination_can-tho_chunks.json
2026-04-05 15:07:01 [INFO    ] service.embedding — Encoding 1 documents...
2026-04-05 15:07:02 [INFO    ] ingestion.ingest_runner — ✅ Ingest thành công 1 chunks từ merged_can-tho_place_cho-dem-ninh-kieu_chunks.json
2026-04-05 15:07:02 [INFO    ] service.embedding — Encoding 2 documents...
2026-04-05 15:07:04 [INFO    ] ingestion.ingest_runner — ✅ Ingest thành công 2 chunks từ merged_can-tho_place_nha-co-binh-thuy_chunks.json
2026-04-05 15:07:04 [INFO    ] service.embedding — Encoding 1 documents...
2026-04-05 15:07:05 [INFO    ] ingestion.ingest_runner — ✅ Ingest thành công 1 chunks từ merged_can-tho_place_mini-beach_chunks.json
2026-04-05 15:07:05 [INFO    ] service.embedding — Encoding 1 documents...
2026-04-05 15:07:07 [INFO    ] ingestion.ingest_runner — ✅ Ingest thành công 1 chunks từ merged_can-tho_place_den-tho-vua-hung_chunks.json
2026-04-05 15:07:07 [INFO    ] service.embedding — Encoding 2 documents...
2026-04-05 15:07:09 [INFO    ] ingestion.ingest_runner — ✅ Ingest thành công 2 chunks từ merged_can-tho_place_kham-lon-can-tho_chunks.json
2026-04-05 15:07:09 [INFO    ] service.embedding — Encoding 1 documents...
2026-04-05 15:07:09 [INFO    ] ingestion.ingest_runner — ✅ Ingest thành công 1 chunks từ merged_can-tho_place_the-kantho-coffee_chunks.json
2026-04-05 15:07:09 [INFO    ] service.embedding — Encoding 1 documents...
2026-04-05 15:07:11 [INFO    ] ingestion.ingest_runner — ✅ Ingest thành công 1 chunks từ merged_can-tho_place_khu-nghi-duong-victoria-can-tho_chunks.json
2026-04-05 15:07:11 [INFO    ] service.embedding — Encoding 2 documents...
2026-04-05 15:07:12 [INFO    ] ingestion.ingest_runner — ✅ Ingest thành công 2 chunks từ merged_can-tho_place_chua-ong_chunks.json
2026-04-05 15:07:12 [INFO    ] service.embedding — Encoding 1 documents...
2026-04-05 15:07:13 [INFO    ] ingestion.ingest_runner — ✅ Ingest thành công 1 chunks từ merged_can-tho_place_lang-du-lich-my-khanh_chunks.json
2026-04-05 15:07:13 [INFO    ] service.embedding — Encoding 1 documents...
2026-04-05 15:07:14 [INFO    ] ingestion.ingest_runner — ✅ Ingest thành công 1 chunks từ merged_can-tho_place_vuon-co-bang-lang_chunks.json
2026-04-05 15:07:14 [INFO    ] service.embedding — Encoding 1 documents...
2026-04-05 15:07:15 [INFO    ] ingestion.ingest_runner — ✅ Ingest thành công 1 chunks từ merged_can-tho_place_quan-nuoc-hoa-yen_chunks.json
2026-04-05 15:07:15 [INFO    ] service.embedding — Encoding 2 documents...
2026-04-05 15:07:18 [INFO    ] ingestion.ingest_runner — ✅ Ingest thành công 2 chunks từ merged_can-tho_place_chua-pitu-khosa-rangsay_chunks.json
2026-04-05 15:07:18 [INFO    ] service.embedding — Encoding 1 documents...
2026-04-05 15:07:20 [INFO    ] ingestion.ingest_runner — ✅ Ingest thành công 1 chunks từ merged_can-tho_place_khu-nghi-duong-legacy-mekong-can-tho_chunks.json
2026-04-05 15:07:20 [INFO    ] service.embedding — Encoding 1 documents...
2026-04-05 15:07:21 [INFO    ] ingestion.ingest_runner — ✅ Ingest thành công 1 chunks từ merged_can-tho_place_ca-nha-minh_chunks.json
2026-04-05 15:07:21 [INFO    ] service.embedding — Encoding 1 documents...
2026-04-05 15:07:22 [INFO    ] ingestion.ingest_runner — ✅ Ingest thành công 1 chunks từ merged_can-tho_place_cau-can-tho_chunks.json
2026-04-05 15:07:22 [INFO    ] service.embedding — Encoding 1 documents...
2026-04-05 15:07:23 [INFO    ] ingestion.ingest_runner — ✅ Ingest thành công 1 chunks từ merged_can-tho_place_cho-nau_chunks.json
2026-04-05 15:07:23 [INFO    ] service.embedding — Encoding 2 documents...
2026-04-05 15:07:26 [INFO    ] ingestion.ingest_runner — ✅ Ingest thành công 2 chunks từ merged_can-tho_place_ben-ninh-kieu_chunks.json
2026-04-05 15:07:26 [INFO    ] service.embedding — Encoding 1 documents...
2026-04-05 15:07:27 [INFO    ] ingestion.ingest_runner — ✅ Ingest thành công 1 chunks từ merged_can-tho_place_gian-gua_chunks.json
2026-04-05 15:07:27 [INFO    ] service.embedding — Encoding 1 documents...
2026-04-05 15:07:28 [INFO    ] ingestion.ingest_runner — ✅ Ingest thành công 1 chunks từ merged_can-tho_place_chua-khmer-munir-ansay_chunks.json
2026-04-05 15:07:28 [INFO    ] service.embedding — Encoding 1 documents...
2026-04-05 15:07:29 [INFO    ] ingestion.ingest_runner — ✅ Ingest thành công 1 chunks từ merged_can-tho_place_cu-lao-may_chunks.json
2026-04-05 15:07:29 [INFO    ] service.embedding — Encoding 1 documents...
2026-04-05 15:07:30 [INFO    ] ingestion.ingest_runner — ✅ Ingest thành công 1 chunks từ merged_can-tho_place_vuon-ca-cao-muoi-cuong_chunks.json
2026-04-05 15:07:30 [INFO    ] service.embedding — Encoding 1 documents...
2026-04-05 15:07:31 [INFO    ] ingestion.ingest_runner — ✅ Ingest thành công 1 chunks từ merged_can-tho_place_chua-munir-ansay_chunks.json
2026-04-05 15:07:31 [INFO    ] service.embedding — Encoding 5 documents...
2026-04-05 15:07:39 [INFO    ] ingestion.ingest_runner — ✅ Ingest thành công 5 chunks từ merged_can-tho_food_banh-tet-la-cam_chunks.json
2026-04-05 15:07:39 [INFO    ] service.embedding — Encoding 1 documents...
2026-04-05 15:07:41 [INFO    ] ingestion.ingest_runner — ✅ Ingest thành công 1 chunks từ merged_can-tho_food_can-nha-dat-vang_chunks.json
2026-04-05 15:07:41 [INFO    ] service.embedding — Encoding 2 documents...
2026-04-05 15:07:43 [INFO    ] ingestion.ingest_runner — ✅ Ingest thành công 2 chunks từ merged_can-tho_food_banh-hoi-heo-quay-phong-dien_chunks.json
2026-04-05 15:07:43 [INFO    ] service.embedding — Encoding 1 documents...
2026-04-05 15:07:44 [INFO    ] ingestion.ingest_runner — ✅ Ingest thành công 1 chunks từ merged_can-tho_food_bun-mam_chunks.json
2026-04-05 15:07:44 [INFO    ] service.embedding — Encoding 1 documents...
2026-04-05 15:07:45 [INFO    ] ingestion.ingest_runner — ✅ Ingest thành công 1 chunks từ merged_can-tho_food_sui-cao_chunks.json
2026-04-05 15:07:45 [INFO    ] service.embedding — Encoding 1 documents...
2026-04-05 15:07:47 [INFO    ] ingestion.ingest_runner — ✅ Ingest thành công 1 chunks từ merged_can-tho_food_vit-nau-chao_chunks.json
2026-04-05 15:07:47 [INFO    ] service.embedding — Encoding 1 documents...
2026-04-05 15:07:48 [INFO    ] ingestion.ingest_runner — ✅ Ingest thành công 1 chunks từ merged_can-tho_food_ca-keo-nuong-ong-say_chunks.json
2026-04-05 15:07:48 [INFO    ] service.embedding — Encoding 3 documents...
2026-04-05 15:07:51 [INFO    ] ingestion.ingest_runner — ✅ Ingest thành công 3 chunks từ merged_can-tho_food_nem-nuong-cai-rang_chunks.json
2026-04-05 15:07:51 [INFO    ] service.embedding — Encoding 1 documents...
2026-04-05 15:07:53 [INFO    ] ingestion.ingest_runner — ✅ Ingest thành công 1 chunks từ merged_can-tho_food_lau-ban_chunks.json
2026-04-05 15:07:53 [INFO    ] service.embedding — Encoding 1 documents...
2026-04-05 15:07:54 [INFO    ] ingestion.ingest_runner — ✅ Ingest thành công 1 chunks từ merged_can-tho_food_banh-xeo-cu-hu-dua_chunks.json
2026-04-05 15:07:54 [INFO    ] service.embedding — Encoding 2 documents...
2026-04-05 15:07:56 [INFO    ] ingestion.ingest_runner — ✅ Ingest thành công 2 chunks từ merged_can-tho_food_banh-cong_chunks.json
2026-04-05 15:07:56 [INFO    ] service.embedding — Encoding 1 documents...
2026-04-05 15:07:58 [INFO    ] ingestion.ingest_runner — ✅ Ingest thành công 1 chunks từ merged_can-tho_food_banh-duc-la-dua_chunks.json
2026-04-05 15:07:58 [INFO    ] service.embedding — Encoding 1 documents...
2026-04-05 15:07:59 [INFO    ] ingestion.ingest_runner — ✅ Ingest thành công 1 chunks từ merged_can-tho_food_hem-51_chunks.json
2026-04-05 15:07:59 [INFO    ] service.embedding — Encoding 1 documents...
2026-04-05 15:08:00 [INFO    ] ingestion.ingest_runner — ✅ Ingest thành công 1 chunks từ merged_can-tho_food_goi-cuon_chunks.json
2026-04-05 15:08:00 [INFO    ] service.embedding — Encoding 1 documents...
2026-04-05 15:08:01 [INFO    ] ingestion.ingest_runner — ✅ Ingest thành công 1 chunks từ merged_can-tho_food_bun-rieu-tom-kho_chunks.json
2026-04-05 15:08:01 [INFO    ] service.embedding — Encoding 2 documents...
2026-04-05 15:08:04 [INFO    ] ingestion.ingest_runner — ✅ Ingest thành công 2 chunks từ merged_can-tho_food_mon-an-truyen-thong-mien-tay-song-nuoc_chunks.json
2026-04-05 15:08:04 [INFO    ] service.embedding — Encoding 1 documents...
2026-04-05 15:08:05 [INFO    ] ingestion.ingest_runner — ✅ Ingest thành công 1 chunks từ merged_can-tho_food_lau-ca-linh-bong-dien-dien_chunks.json
2026-04-05 15:08:05 [INFO    ] service.embedding — Encoding 1 documents...
2026-04-05 15:08:06 [INFO    ] ingestion.ingest_runner — ✅ Ingest thành công 1 chunks từ merged_can-tho_food_lau-ban-phu-sa_chunks.json
2026-04-05 15:08:06 [INFO    ] service.embedding — Encoding 2 documents...
2026-04-05 15:08:07 [INFO    ] ingestion.ingest_runner — ✅ Ingest thành công 2 chunks từ merged_can-tho_food_lau-mam_chunks.json
2026-04-05 15:08:07 [INFO    ] service.embedding — Encoding 1 documents...
2026-04-05 15:08:08 [INFO    ] ingestion.ingest_runner — ✅ Ingest thành công 1 chunks từ merged_can-tho_food_ba-khia-rang-me-can-tho_chunks.json
2026-04-05 15:08:08 [INFO    ] service.embedding — Encoding 2 documents...
2026-04-05 15:08:11 [INFO    ] ingestion.ingest_runner — ✅ Ingest thành công 2 chunks từ merged_can-tho_food_com-chay-kho-quet_chunks.json
2026-04-05 15:08:11 [INFO    ] service.embedding — Encoding 1 documents...
2026-04-05 15:08:12 [INFO    ] ingestion.ingest_runner — ✅ Ingest thành công 1 chunks từ merged_can-tho_food_cacao-muoi-cuong_chunks.json
2026-04-05 15:08:12 [INFO    ] service.embedding — Encoding 1 documents...
2026-04-05 15:08:13 [INFO    ] ingestion.ingest_runner — ✅ Ingest thành công 1 chunks từ merged_can-tho_food_can-nha-mau-tim_chunks.json
2026-04-05 15:08:14 [INFO    ] service.embedding — Encoding 1 documents...
2026-04-05 15:08:14 [INFO    ] ingestion.ingest_runner — ✅ Ingest thành công 1 chunks từ merged_can-tho_food_banh-cong-can-tho_chunks.json
2026-04-05 15:08:14 [INFO    ] service.embedding — Encoding 1 documents...
2026-04-05 15:08:15 [INFO    ] ingestion.ingest_runner — ✅ Ingest thành công 1 chunks từ merged_can-tho_food_banh-tam-bi_chunks.json
2026-04-05 15:08:15 [INFO    ] service.embedding — Encoding 1 documents...
2026-04-05 15:08:16 [INFO    ] ingestion.ingest_runner — ✅ Ingest thành công 1 chunks từ merged_can-tho_food_goi-xoai-kho-ca-sac_chunks.json
2026-04-05 15:08:16 [INFO    ] service.embedding — Encoding 2 documents...
2026-04-05 15:08:18 [INFO    ] ingestion.ingest_runner — ✅ Ingest thành công 2 chunks từ merged_can-tho_food_banh-xeo-can-tho_chunks.json
2026-04-05 15:08:18 [INFO    ] service.embedding — Encoding 3 documents...
2026-04-05 15:08:21 [INFO    ] ingestion.ingest_runner — ✅ Ingest thành công 3 chunks từ merged_can-tho_food_lau-vit-nau-chao_chunks.json
2026-04-05 15:08:21 [INFO    ] service.embedding — Encoding 1 documents...
2026-04-05 15:08:21 [INFO    ] ingestion.ingest_runner — ✅ Ingest thành công 1 chunks từ merged_can-tho_food_nem-cai-rang_chunks.json
2026-04-05 15:08:21 [INFO    ] service.embedding — Encoding 1 documents...
2026-04-05 15:08:22 [INFO    ] ingestion.ingest_runner — ✅ Ingest thành công 1 chunks từ merged_can-tho_food_banh-trang-thuan-hung_chunks.json
2026-04-05 15:08:22 [INFO    ] service.embedding — Encoding 1 documents...
2026-04-05 15:08:23 [INFO    ] ingestion.ingest_runner — ✅ Ingest thành công 1 chunks từ merged_can-tho_food_ruou-man-sau-tia_chunks.json
2026-04-05 15:08:23 [INFO    ] service.embedding — Encoding 2 documents...
2026-04-05 15:08:26 [INFO    ] ingestion.ingest_runner — ✅ Ingest thành công 2 chunks từ merged_can-tho_food_hu-tieu-kho-can-tho_chunks.json
2026-04-05 15:08:26 [INFO    ] service.embedding — Encoding 1 documents...
2026-04-05 15:08:27 [INFO    ] ingestion.ingest_runner — ✅ Ingest thành công 1 chunks từ merged_can-tho_food_oc-nuong-tieu-xanh_chunks.json
2026-04-05 15:08:27 [INFO    ] service.embedding — Encoding 1 documents...
2026-04-05 15:08:28 [INFO    ] ingestion.ingest_runner — ✅ Ingest thành công 1 chunks từ merged_can-tho_food_banh-keo-dac-san-ba-rich_chunks.json
2026-04-05 15:08:28 [INFO    ] service.embedding — Encoding 2 documents...
2026-04-05 15:08:29 [INFO    ] ingestion.ingest_runner — ✅ Ingest thành công 2 chunks từ merged_can-tho_food_ca-loc-nuong-trui_chunks.json
2026-04-05 15:08:29 [INFO    ] service.embedding — Encoding 1 documents...
2026-04-05 15:08:30 [INFO    ] ingestion.ingest_runner — ✅ Ingest thành công 1 chunks từ merged_can-tho_food_kho-ca-loc-dong_chunks.json
2026-04-05 15:08:30 [INFO    ] service.embedding — Encoding 1 documents...
2026-04-05 15:08:31 [INFO    ] ingestion.ingest_runner — ✅ Ingest thành công 1 chunks từ merged_can-tho_food_cha-ca-thac-lac_chunks.json
2026-04-05 15:08:31 [INFO    ] service.embedding — Encoding 1 documents...
2026-04-05 15:08:32 [INFO    ] ingestion.ingest_runner — ✅ Ingest thành công 1 chunks từ merged_can-tho_food_ba-khia-muoi_chunks.json
2026-04-05 15:08:32 [INFO    ] service.embedding — Encoding 1 documents...
2026-04-05 15:08:32 [INFO    ] ingestion.ingest_runner — ✅ Ingest thành công 1 chunks từ merged_can-tho_food_dau-ha-chau_chunks.json
2026-04-05 15:08:32 [INFO    ] service.embedding — Encoding 1 documents...
2026-04-05 15:08:33 [INFO    ] ingestion.ingest_runner — ✅ Ingest thành công 1 chunks từ merged_can-tho_food_kho-ran_chunks.json
2026-04-05 15:08:33 [INFO    ] service.embedding — Encoding 1 documents...
2026-04-05 15:08:34 [INFO    ] ingestion.ingest_runner — ✅ Ingest thành công 1 chunks từ merged_can-tho_food_banh-xeo_chunks.json
2026-04-05 15:08:34 [INFO    ] service.embedding — Encoding 1 documents...
2026-04-05 15:08:35 [INFO    ] ingestion.ingest_runner — ✅ Ingest thành công 1 chunks từ merged_can-tho_food_vuon-trai-cay-chin-hong_chunks.json
2026-04-05 15:08:35 [INFO    ] service.embedding — Encoding 1 documents...
2026-04-05 15:08:36 [INFO    ] ingestion.ingest_runner — ✅ Ingest thành công 1 chunks từ merged_can-tho_food_vuon-trai-cay-ba-cong_chunks.json
2026-04-05 15:08:36 [INFO    ] service.embedding — Encoding 1 documents...
2026-04-05 15:08:37 [INFO    ] ingestion.ingest_runner — ✅ Ingest thành công 1 chunks từ merged_can-tho_food_kho-luon_chunks.json
2026-04-05 15:08:37 [INFO    ] service.embedding — Encoding 1 documents...
2026-04-05 15:08:38 [INFO    ] ingestion.ingest_runner — ✅ Ingest thành công 1 chunks từ merged_can-tho_food_hu-tieu_chunks.json
2026-04-05 15:08:38 [INFO    ] service.embedding — Encoding 1 documents...
2026-04-05 15:08:39 [INFO    ] ingestion.ingest_runner — ✅ Ingest thành công 1 chunks từ merged_can-tho_food_cho-noi-cai-rang_chunks.json
2026-04-05 15:08:39 [INFO    ] service.embedding — Encoding 1 documents...
2026-04-05 15:08:40 [INFO    ] ingestion.ingest_runner — ✅ Ingest thành công 1 chunks từ merged_ca-mau_place_dao-hon-khoai_chunks.json
2026-04-05 15:08:40 [INFO    ] service.embedding — Encoding 1 documents...
2026-04-05 15:08:40 [INFO    ] ingestion.ingest_runner — ✅ Ingest thành công 1 chunks từ merged_ca-mau_place_mui-ca-mau_chunks.json
2026-04-05 15:08:40 [INFO    ] service.embedding — Encoding 1 documents...
2026-04-05 15:08:41 [INFO    ] ingestion.ingest_runner — ✅ Ingest thành công 1 chunks từ merged_ca-mau_place_dam-doi_chunks.json
2026-04-05 15:08:41 [INFO    ] service.embedding — Encoding 2 documents...
2026-04-05 15:08:43 [INFO    ] ingestion.ingest_runner — ✅ Ingest thành công 2 chunks từ merged_ca-mau_place_dam-thi-tuong_chunks.json
2026-04-05 15:08:43 [INFO    ] service.embedding — Encoding 1 documents...
2026-04-05 15:08:44 [INFO    ] ingestion.ingest_runner — ✅ Ingest thành công 1 chunks từ merged_ca-mau_place_hon-da-bac_chunks.json
2026-04-05 15:08:44 [INFO    ] service.embedding — Encoding 1 documents...
2026-04-05 15:08:45 [INFO    ] ingestion.ingest_runner — ✅ Ingest thành công 1 chunks từ merged_ca-mau_place_rung-ngap-man-ca-mau_chunks.json
2026-04-05 15:08:45 [INFO    ] service.embedding — Encoding 1 documents...
2026-04-05 15:08:46 [INFO    ] ingestion.ingest_runner — ✅ Ingest thành công 1 chunks từ merged_ca-mau_place_bien-khai-long_chunks.json
2026-04-05 15:08:46 [INFO    ] service.embedding — Encoding 2 documents...
2026-04-05 15:08:47 [INFO    ] ingestion.ingest_runner — ✅ Ingest thành công 2 chunks từ merged_ca-mau_place_rung-duoc-nam-can_chunks.json
2026-04-05 15:08:47 [INFO    ] service.embedding — Encoding 1 documents...
2026-04-05 15:08:48 [INFO    ] ingestion.ingest_runner — ✅ Ingest thành công 1 chunks từ merged_ca-mau_place_rung-u-minh_chunks.json
2026-04-05 15:08:48 [INFO    ] service.embedding — Encoding 2 documents...
2026-04-05 15:08:49 [INFO    ] ingestion.ingest_runner — ✅ Ingest thành công 2 chunks từ merged_ca-mau_place_cho-noi-ca-mau_chunks.json
2026-04-05 15:08:49 [INFO    ] service.embedding — Encoding 1 documents...
2026-04-05 15:08:50 [INFO    ] ingestion.ingest_runner — ✅ Ingest thành công 1 chunks từ merged_ca-mau_place_rung-quoc-gia-u-minh-ha_chunks.json
2026-04-05 15:08:50 [INFO    ] service.embedding — Encoding 1 documents...
2026-04-05 15:08:51 [INFO    ] ingestion.ingest_runner — ✅ Ingest thành công 1 chunks từ merged_ca-mau_place_vuon-quoc-gia-mui-ca-mau_chunks.json
2026-04-05 15:08:51 [INFO    ] service.embedding — Encoding 1 documents...
2026-04-05 15:08:52 [INFO    ] ingestion.ingest_runner — ✅ Ingest thành công 1 chunks từ merged_ca-mau_place_den-tho-lac-long-quan-va-tuong-me-au-co_chunks.json
2026-04-05 15:08:52 [INFO    ] service.embedding — Encoding 1 documents...
2026-04-05 15:08:52 [INFO    ] ingestion.ingest_runner — ✅ Ingest thành công 1 chunks từ merged_ca-mau_place_khu-tuong-niem-chu-tich-ho-chi-minh_chunks.json
2026-04-05 15:08:52 [INFO    ] service.embedding — Encoding 1 documents...
2026-04-05 15:08:53 [INFO    ] ingestion.ingest_runner — ✅ Ingest thành công 1 chunks từ merged_ca-mau_place_thap-quan-sat_chunks.json
2026-04-05 15:08:53 [INFO    ] service.embedding — Encoding 1 documents...
2026-04-05 15:08:54 [INFO    ] ingestion.ingest_runner — ✅ Ingest thành công 1 chunks từ merged_ca-mau_place_bai-bien-khai-long_chunks.json
2026-04-05 15:08:54 [INFO    ] service.embedding — Encoding 1 documents...
2026-04-05 15:08:54 [INFO    ] ingestion.ingest_runner — ✅ Ingest thành công 1 chunks từ merged_ca-mau_place_ngon-hai-dang_chunks.json
2026-04-05 15:08:54 [INFO    ] service.embedding — Encoding 1 documents...
2026-04-05 15:08:55 [INFO    ] ingestion.ingest_runner — ✅ Ingest thành công 1 chunks từ merged_ca-mau_place_cot-co-ha-noi-tai-mui-ca-mau_chunks.json
2026-04-05 15:08:55 [INFO    ] service.embedding — Encoding 1 documents...
2026-04-05 15:08:55 [INFO    ] ingestion.ingest_runner — ✅ Ingest thành công 1 chunks từ merged_ca-mau_place_bieu-tuong-mui-ca-mau-con-tau-vuon-ra-bien_chunks.json
2026-04-05 15:08:55 [INFO    ] service.embedding — Encoding 1 documents...
2026-04-05 15:08:56 [INFO    ] ingestion.ingest_runner — ✅ Ingest thành công 1 chunks từ merged_ca-mau_place_cot-moc-toa-do-quoc-gia-gps-0001_chunks.json
2026-04-05 15:08:56 [INFO    ] service.embedding — Encoding 1 documents...
2026-04-05 15:08:56 [INFO    ] ingestion.ingest_runner — ✅ Ingest thành công 1 chunks từ merged_ca-mau_place_nha-day-thep-ca-mau_chunks.json
2026-04-05 15:08:56 [INFO    ] service.embedding — Encoding 1 documents...
2026-04-05 15:08:57 [INFO    ] ingestion.ingest_runner — ✅ Ingest thành công 1 chunks từ merged_ca-mau_place_ben-vam-lung_chunks.json
2026-04-05 15:08:57 [INFO    ] service.embedding — Encoding 1 documents...
2026-04-05 15:08:58 [INFO    ] ingestion.ingest_runner — ✅ Ingest thành công 1 chunks từ merged_ca-mau_place_khu-du-lich-khai-long_chunks.json
2026-04-05 15:08:58 [INFO    ] service.embedding — Encoding 1 documents...
2026-04-05 15:08:58 [INFO    ] ingestion.ingest_runner — ✅ Ingest thành công 1 chunks từ merged_ca-mau_place_nha-tho-tac-say_chunks.json
2026-04-05 15:08:58 [INFO    ] service.embedding — Encoding 1 documents...
2026-04-05 15:08:59 [INFO    ] ingestion.ingest_runner — ✅ Ingest thành công 1 chunks từ merged_ca-mau_place_can-cu-tinh-uy-xeo-duoc_chunks.json
2026-04-05 15:08:59 [INFO    ] service.embedding — Encoding 1 documents...
2026-04-05 15:09:00 [INFO    ] ingestion.ingest_runner — ✅ Ingest thành công 1 chunks từ merged_ca-mau_place_chua-monivongsa-bopharam_chunks.json
2026-04-05 15:09:00 [INFO    ] service.embedding — Encoding 1 documents...
2026-04-05 15:09:01 [INFO    ] ingestion.ingest_runner — ✅ Ingest thành công 1 chunks từ merged_ca-mau_place_khu-du-lich-sinh-thai-ca-mau-eco_chunks.json
2026-04-05 15:09:01 [INFO    ] service.embedding — Encoding 2 documents...
2026-04-05 15:09:03 [INFO    ] ingestion.ingest_runner — ✅ Ingest thành công 2 chunks từ merged_ca-mau_food_lau-mam-u-minh_chunks.json
2026-04-05 15:09:03 [INFO    ] service.embedding — Encoding 1 documents...
2026-04-05 15:09:04 [INFO    ] ingestion.ingest_runner — ✅ Ingest thành công 1 chunks từ merged_ca-mau_food_mam-ca-loc_chunks.json
2026-04-05 15:09:04 [INFO    ] service.embedding — Encoding 2 documents...
2026-04-05 15:09:05 [INFO    ] ingestion.ingest_runner — ✅ Ingest thành công 2 chunks từ merged_ca-mau_food_cua-ca-mau_chunks.json
2026-04-05 15:09:05 [INFO    ] service.embedding — Encoding 1 documents...
2026-04-05 15:09:06 [INFO    ] ingestion.ingest_runner — ✅ Ingest thành công 1 chunks từ merged_ca-mau_food_mam-tep-ca-mau_chunks.json
2026-04-05 15:09:06 [INFO    ] service.embedding — Encoding 1 documents...
2026-04-05 15:09:07 [INFO    ] ingestion.ingest_runner — ✅ Ingest thành công 1 chunks từ merged_ca-mau_food_tom-kho-rach-goc_chunks.json
2026-04-05 15:09:07 [INFO    ] service.embedding — Encoding 1 documents...
2026-04-05 15:09:08 [INFO    ] ingestion.ingest_runner — ✅ Ingest thành công 1 chunks từ merged_ca-mau_food_lau-ca-khoai_chunks.json
2026-04-05 15:09:08 [INFO    ] service.embedding — Encoding 1 documents...
2026-04-05 15:09:09 [INFO    ] ingestion.ingest_runner — ✅ Ingest thành công 1 chunks từ merged_ca-mau_food_banh-phong-tom_chunks.json
2026-04-05 15:09:09 [INFO    ] service.embedding — Encoding 1 documents...
2026-04-05 15:09:09 [INFO    ] ingestion.ingest_runner — ✅ Ingest thành công 1 chunks từ merged_ca-mau_food_banh-tam-ga-cay_chunks.json
2026-04-05 15:09:09 [INFO    ] service.embedding — Encoding 1 documents...
2026-04-05 15:09:10 [INFO    ] ingestion.ingest_runner — ✅ Ingest thành công 1 chunks từ merged_ca-mau_food_mam-ba-khia-rach-goc_chunks.json
2026-04-05 15:09:10 [INFO    ] service.embedding — Encoding 1 documents...
2026-04-05 15:09:10 [INFO    ] ingestion.ingest_runner — ✅ Ingest thành công 1 chunks từ merged_ca-mau_food_oc-len-xao-dua_chunks.json
2026-04-05 15:09:10 [INFO    ] service.embedding — Encoding 1 documents...
2026-04-05 15:09:11 [INFO    ] ingestion.ingest_runner — ✅ Ingest thành công 1 chunks từ merged_ca-mau_food_ca-thoi-loi-nuong-muoi-ot_chunks.json
2026-04-05 15:09:11 [INFO    ] service.embedding — Encoding 1 documents...
2026-04-05 15:09:11 [INFO    ] ingestion.ingest_runner — ✅ Ingest thành công 1 chunks từ merged_soc-trang_destination_soc-trang_chunks.json
2026-04-05 15:09:11 [INFO    ] service.embedding — Encoding 1 documents...
2026-04-05 15:09:12 [INFO    ] ingestion.ingest_runner — ✅ Ingest thành công 1 chunks từ merged_soc-trang_itinerary_di-lai-o-soc-trang_chunks.json
2026-04-05 15:09:12 [INFO    ] service.embedding — Encoding 1 documents...
2026-04-05 15:09:13 [INFO    ] ingestion.ingest_runner — ✅ Ingest thành công 1 chunks từ merged_soc-trang_place_cu-lao-dung_chunks.json
2026-04-05 15:09:13 [INFO    ] service.embedding — Encoding 1 documents...
2026-04-05 15:09:14 [INFO    ] ingestion.ingest_runner — ✅ Ingest thành công 1 chunks từ merged_soc-trang_place_cho-noi-nga-nam_chunks.json
2026-04-05 15:09:14 [INFO    ] service.embedding — Encoding 1 documents...
2026-04-05 15:09:14 [INFO    ] ingestion.ingest_runner — ✅ Ingest thành công 1 chunks từ merged_soc-trang_place_chua-doi_chunks.json
2026-04-05 15:09:14 [INFO    ] service.embedding — Encoding 1 documents...
2026-04-05 15:09:15 [INFO    ] ingestion.ingest_runner — ✅ Ingest thành công 1 chunks từ merged_soc-trang_place_chua-bon-mat_chunks.json
2026-04-05 15:09:15 [INFO    ] service.embedding — Encoding 1 documents...
2026-04-05 15:09:16 [INFO    ] ingestion.ingest_runner — ✅ Ingest thành công 1 chunks từ merged_soc-trang_place_chua-dat-set_chunks.json
2026-04-05 15:09:16 [INFO    ] service.embedding — Encoding 1 documents...
2026-04-05 15:09:17 [INFO    ] ingestion.ingest_runner — ✅ Ingest thành công 1 chunks từ merged_soc-trang_place_thien-vien-truc-lam_chunks.json
2026-04-05 15:09:17 [INFO    ] service.embedding — Encoding 1 documents...
2026-04-05 15:09:17 [INFO    ] ingestion.ingest_runner — ✅ Ingest thành công 1 chunks từ merged_soc-trang_place_chua-som-rong_chunks.json
2026-04-05 15:09:17 [INFO    ] service.embedding — Encoding 1 documents...
2026-04-05 15:09:18 [INFO    ] ingestion.ingest_runner — ✅ Ingest thành công 1 chunks từ merged_soc-trang_food_vu-sua-tim-dai-tam_chunks.json
2026-04-05 15:09:18 [INFO    ] service.embedding — Encoding 1 documents...
2026-04-05 15:09:19 [INFO    ] ingestion.ingest_runner — ✅ Ingest thành công 1 chunks từ merged_soc-trang_food_dac-san-dan-da_chunks.json
2026-04-05 15:09:19 [INFO    ] service.embedding — Encoding 2 documents...
2026-04-05 15:09:23 [INFO    ] ingestion.ingest_runner — ✅ Ingest thành công 2 chunks từ merged_soc-trang_food_bun-goi-da_chunks.json
2026-04-05 15:09:23 [INFO    ] service.embedding — Encoding 2 documents...
2026-04-05 15:09:25 [INFO    ] ingestion.ingest_runner — ✅ Ingest thành công 2 chunks từ merged_soc-trang_food_banh-pia_chunks.json
2026-04-05 15:09:25 [INFO    ] service.embedding — Encoding 1 documents...
2026-04-05 15:09:25 [INFO    ] ingestion.ingest_runner — ✅ Ingest thành công 1 chunks từ merged_soc-trang_food_banh-phong-tom_chunks.json
2026-04-05 15:09:25 [INFO    ] service.embedding — Encoding 1 documents...
2026-04-05 15:09:26 [INFO    ] ingestion.ingest_runner — ✅ Ingest thành công 1 chunks từ merged_soc-trang_food_com-dep_chunks.json
2026-04-05 15:09:26 [INFO    ] service.embedding — Encoding 2 documents...
2026-04-05 15:09:30 [INFO    ] ingestion.ingest_runner — ✅ Ingest thành công 2 chunks từ merged_soc-trang_food_banh-cong_chunks.json
2026-04-05 15:09:30 [INFO    ] service.embedding — Encoding 1 documents...
2026-04-05 15:09:31 [INFO    ] ingestion.ingest_runner — ✅ Ingest thành công 1 chunks từ merged_soc-trang_food_me-lao_chunks.json
2026-04-05 15:09:31 [INFO    ] service.embedding — Encoding 1 documents...
2026-04-05 15:09:32 [INFO    ] ingestion.ingest_runner — ✅ Ingest thành công 1 chunks từ merged_soc-trang_food_banh-u-man_chunks.json
2026-04-05 15:09:32 [INFO    ] service.embedding — Encoding 1 documents...
2026-04-05 15:09:33 [INFO    ] ingestion.ingest_runner — ✅ Ingest thành công 1 chunks từ merged_soc-trang_food_ca-bong-sao_chunks.json
2026-04-05 15:09:33 [INFO    ] service.embedding — Encoding 1 documents...
2026-04-05 15:09:33 [INFO    ] ingestion.ingest_runner — ✅ Ingest thành công 1 chunks từ merged_soc-trang_food_xa-bau_chunks.json
2026-04-05 15:09:33 [INFO    ] service.embedding — Encoding 1 documents...
2026-04-05 15:09:34 [INFO    ] ingestion.ingest_runner — ✅ Ingest thành công 1 chunks từ merged_soc-trang_food_be-thui-soc-trang_chunks.json
2026-04-05 15:09:34 [INFO    ] service.embedding — Encoding 1 documents...
2026-04-05 15:09:35 [INFO    ] ingestion.ingest_runner — ✅ Ingest thành công 1 chunks từ merged_soc-trang_food_banh-ong_chunks.json
2026-04-05 15:09:35 [INFO    ] service.embedding — Encoding 1 documents...
2026-04-05 15:09:36 [INFO    ] ingestion.ingest_runner — ✅ Ingest thành công 1 chunks từ merged_soc-trang_food_bun-nuoc-leo_chunks.json
2026-04-05 15:09:36 [INFO    ] service.embedding — Encoding 1 documents...
2026-04-05 15:09:38 [INFO    ] ingestion.ingest_runner — ✅ Ingest thành công 1 chunks từ merged_soc-trang_food_banh-xeo-tom-thit_chunks.json
2026-04-05 15:09:38 [INFO    ] service.embedding — Encoding 1 documents...
2026-04-05 15:09:38 [INFO    ] ingestion.ingest_runner — ✅ Ingest thành công 1 chunks từ merged_soc-trang_food_chao-ca-loc-rau-dang_chunks.json
2026-04-05 15:09:38 [INFO    ] service.embedding — Encoding 1 documents...
2026-04-05 15:09:39 [INFO    ] ingestion.ingest_runner — ✅ Ingest thành công 1 chunks từ merged_phu-quoc_place_bac-phu-quoc_chunks.json
2026-04-05 15:09:39 [INFO    ] service.embedding — Encoding 2 documents...
2026-04-05 15:09:42 [INFO    ] ingestion.ingest_runner — ✅ Ingest thành công 2 chunks từ merged_phu-quoc_place_nam-phu-quoc_chunks.json
2026-04-05 15:09:42 [INFO    ] service.embedding — Encoding 1 documents...
2026-04-05 15:09:43 [INFO    ] ingestion.ingest_runner — ✅ Ingest thành công 1 chunks từ merged_phu-quoc_place_vinwonders_chunks.json
2026-04-05 15:09:43 [INFO    ] service.embedding — Encoding 1 documents...
2026-04-05 15:09:44 [INFO    ] ingestion.ingest_runner — ✅ Ingest thành công 1 chunks từ merged_phu-quoc_place_jw-marriott-phu-quoc-emerald-bay_chunks.json
2026-04-05 15:09:44 [INFO    ] service.embedding — Encoding 2 documents...
2026-04-05 15:09:45 [INFO    ] ingestion.ingest_runner — ✅ Ingest thành công 2 chunks từ merged_phu-quoc_place_san-bay-phu-quoc_chunks.json
2026-04-05 15:09:45 [INFO    ] service.embedding — Encoding 2 documents...
2026-04-05 15:09:47 [INFO    ] ingestion.ingest_runner — ✅ Ingest thành công 2 chunks từ merged_phu-quoc_place_bai-sao_chunks.json
2026-04-05 15:09:47 [INFO    ] service.embedding — Encoding 1 documents...
2026-04-05 15:09:48 [INFO    ] ingestion.ingest_runner — ✅ Ingest thành công 1 chunks từ merged_phu-quoc_place_san-bay-quoc-te-phu-quoc_chunks.json
2026-04-05 15:09:48 [INFO    ] service.embedding — Encoding 1 documents...
2026-04-05 15:09:49 [INFO    ] ingestion.ingest_runner — ✅ Ingest thành công 1 chunks từ merged_phu-quoc_place_cang-hang-khong-quoc-te-phu-quoc_chunks.json
2026-04-05 15:09:49 [INFO    ] service.embedding — Encoding 2 documents...
2026-04-05 15:09:52 [INFO    ] ingestion.ingest_runner — ✅ Ingest thành công 2 chunks từ merged_phu-quoc_place_bai-khem_chunks.json
2026-04-05 15:09:52 [INFO    ] service.embedding — Encoding 1 documents...
2026-04-05 15:09:53 [INFO    ] ingestion.ingest_runner — ✅ Ingest thành công 1 chunks từ merged_phu-quoc_place_quan-dao-an-thoi_chunks.json
2026-04-05 15:09:53 [INFO    ] service.embedding — Encoding 1 documents...
2026-04-05 15:09:54 [INFO    ] ingestion.ingest_runner — ✅ Ingest thành công 1 chunks từ merged_phu-quoc_place_nha-tu-phu-quoc_chunks.json
2026-04-05 15:09:54 [INFO    ] service.embedding — Encoding 1 documents...
2026-04-05 15:09:55 [INFO    ] ingestion.ingest_runner — ✅ Ingest thành công 1 chunks từ merged_phu-quoc_place_dao-nam-du_chunks.json
2026-04-05 15:09:55 [INFO    ] service.embedding — Encoding 1 documents...
2026-04-05 15:09:56 [INFO    ] ingestion.ingest_runner — ✅ Ingest thành công 1 chunks từ merged_phu-quoc_place_chua-ho-quoc_chunks.json
2026-04-05 15:09:56 [INFO    ] service.embedding — Encoding 1 documents...
2026-04-05 15:09:57 [INFO    ] ingestion.ingest_runner — ✅ Ingest thành công 1 chunks từ merged_phu-quoc_place_an-thoi_chunks.json
2026-04-05 15:09:57 [INFO    ] service.embedding — Encoding 1 documents...
2026-04-05 15:09:57 [INFO    ] ingestion.ingest_runner — ✅ Ingest thành công 1 chunks từ merged_phu-quoc_place_sieu-thi-dac-san-phu-quoc_chunks.json
2026-04-05 15:09:57 [INFO    ] service.embedding — Encoding 1 documents...
2026-04-05 15:09:58 [INFO    ] ingestion.ingest_runner — ✅ Ingest thành công 1 chunks từ merged_phu-quoc_place_kingkong-mart_chunks.json
2026-04-05 15:09:58 [INFO    ] service.embedding — Encoding 1 documents...
2026-04-05 15:09:58 [INFO    ] ingestion.ingest_runner — ✅ Ingest thành công 1 chunks từ merged_phu-quoc_place_long-beach-center_chunks.json
2026-04-05 15:09:58 [INFO    ] service.embedding — Encoding 1 documents...
2026-04-05 15:09:59 [INFO    ] ingestion.ingest_runner — ✅ Ingest thành công 1 chunks từ merged_phu-quoc_place_quan-viet-phu-quoc_chunks.json
2026-04-05 15:09:59 [INFO    ] service.embedding — Encoding 1 documents...
2026-04-05 15:10:00 [INFO    ] ingestion.ingest_runner — ✅ Ingest thành công 1 chunks từ merged_phu-quoc_place_phu-quoc_chunks.json
2026-04-05 15:10:00 [INFO    ] service.embedding — Encoding 1 documents...
2026-04-05 15:10:01 [INFO    ] ingestion.ingest_runner — ✅ Ingest thành công 1 chunks từ merged_phu-quoc_place_hon-thom_chunks.json
2026-04-05 15:10:01 [INFO    ] service.embedding — Encoding 1 documents...
2026-04-05 15:10:02 [INFO    ] ingestion.ingest_runner — ✅ Ingest thành công 1 chunks từ merged_phu-quoc_place_dao-may-rut_chunks.json
2026-04-05 15:10:02 [INFO    ] service.embedding — Encoding 1 documents...
2026-04-05 15:10:04 [INFO    ] ingestion.ingest_runner — ✅ Ingest thành công 1 chunks từ merged_phu-quoc_place_hon-gam-ghi_chunks.json
2026-04-05 15:10:04 [INFO    ] service.embedding — Encoding 1 documents...
2026-04-05 15:10:05 [INFO    ] ingestion.ingest_runner — ✅ Ingest thành công 1 chunks từ merged_phu-quoc_place_dao-mong-tay_chunks.json
2026-04-05 15:10:05 [INFO    ] service.embedding — Encoding 1 documents...
2026-04-05 15:10:07 [INFO    ] ingestion.ingest_runner — ✅ Ingest thành công 1 chunks từ merged_phu-quoc_place_dao-thom_chunks.json
2026-04-05 15:10:07 [INFO    ] service.embedding — Encoding 3 documents...
2026-04-05 15:10:11 [INFO    ] ingestion.ingest_runner — ✅ Ingest thành công 3 chunks từ merged_phu-quoc_place_dao-rua_chunks.json
2026-04-05 15:10:11 [INFO    ] service.embedding — Encoding 2 documents...
2026-04-05 15:10:13 [INFO    ] ingestion.ingest_runner — ✅ Ingest thành công 2 chunks từ merged_phu-quoc_itinerary_nhung-loi-khuyen-thiet-thuc-danh-cho-nguoi-moi-lan-bien-lan-dau_chunks.json
2026-04-05 15:10:13 [INFO    ] service.embedding — Encoding 1 documents...
2026-04-05 15:10:14 [INFO    ] ingestion.ingest_runner — ✅ Ingest thành công 1 chunks từ merged_phu-quoc_itinerary_tu-da-nang-den-phu-quoc_chunks.json
2026-04-05 15:10:14 [INFO    ] service.embedding — Encoding 1 documents...
2026-04-05 15:10:15 [INFO    ] ingestion.ingest_runner — ✅ Ingest thành công 1 chunks từ merged_phu-quoc_food_bun-quay-kien-xay_chunks.json
2026-04-05 15:10:15 [INFO    ] service.embedding — Encoding 2 documents...
2026-04-05 15:10:19 [INFO    ] ingestion.ingest_runner — ✅ Ingest thành công 2 chunks từ merged_phu-quoc_food_goi-ca-trich_chunks.json
2026-04-05 15:10:19 [INFO    ] service.embedding — Encoding 1 documents...
2026-04-05 15:10:20 [INFO    ] ingestion.ingest_runner — ✅ Ingest thành công 1 chunks từ merged_phu-quoc_food_tieu-phu-quoc_chunks.json
2026-04-05 15:10:20 [INFO    ] service.embedding — Encoding 1 documents...
2026-04-05 15:10:22 [INFO    ] ingestion.ingest_runner — ✅ Ingest thành công 1 chunks từ merged_phu-quoc_food_hu-tieu-muc_chunks.json
2026-04-05 15:10:22 [INFO    ] service.embedding — Encoding 1 documents...
2026-04-05 15:10:23 [INFO    ] ingestion.ingest_runner — ✅ Ingest thành công 1 chunks từ merged_phu-quoc_food_bun-ken-phu-quoc_chunks.json
2026-04-05 15:10:23 [INFO    ] service.embedding — Encoding 1 documents...
2026-04-05 15:10:25 [INFO    ] ingestion.ingest_runner — ✅ Ingest thành công 1 chunks từ merged_phu-quoc_food_ruou-sim_chunks.json
2026-04-05 15:10:25 [INFO    ] service.embedding — Encoding 1 documents...
2026-04-05 15:10:27 [INFO    ] ingestion.ingest_runner — ✅ Ingest thành công 1 chunks từ merged_phu-quoc_food_cho-duong-dong_chunks.json
2026-04-05 15:10:27 [INFO    ] service.embedding — Encoding 1 documents...
2026-04-05 15:10:28 [INFO    ] ingestion.ingest_runner — ✅ Ingest thành công 1 chunks từ merged_phu-quoc_food_ghe-ham-ninh_chunks.json
2026-04-05 15:10:28 [INFO    ] service.embedding — Encoding 1 documents...
2026-04-05 15:10:28 [INFO    ] ingestion.ingest_runner — ✅ Ingest thành công 1 chunks từ merged_phu-quoc_food_banh-kheo_chunks.json
2026-04-05 15:10:28 [INFO    ] service.embedding — Encoding 1 documents...
2026-04-05 15:10:30 [INFO    ] ingestion.ingest_runner — ✅ Ingest thành công 1 chunks từ merged_phu-quoc_food_nhum-bien_chunks.json
2026-04-05 15:10:30 [INFO    ] service.embedding — Encoding 2 documents...
2026-04-05 15:10:33 [INFO    ] ingestion.ingest_runner — ✅ Ingest thành công 2 chunks từ merged_phu-quoc_food_nuoc-mam-phu-quoc_chunks.json
2026-04-05 15:10:33 [INFO    ] service.embedding — Encoding 1 documents...
2026-04-05 15:10:34 [INFO    ] ingestion.ingest_runner — ✅ Ingest thành công 1 chunks từ merged_phu-quoc_food_nha-ghe-phu-quoc-crab-house_chunks.json
2026-04-05 15:10:34 [INFO    ] service.embedding — Encoding 1 documents...
2026-04-05 15:10:35 [INFO    ] ingestion.ingest_runner — ✅ Ingest thành công 1 chunks từ merged_phu-quoc_food_nha-be-ha-quyen_chunks.json
2026-04-05 15:10:35 [INFO    ] service.embedding — Encoding 1 documents...
2026-04-05 15:10:37 [INFO    ] ingestion.ingest_runner — ✅ Ingest thành công 1 chunks từ merged_phu-quoc_food_nha-hang-xin-chao_chunks.json
2026-04-05 15:10:37 [INFO    ] service.embedding — Encoding 1 documents...
2026-04-05 15:10:38 [INFO    ] ingestion.ingest_runner — ✅ Ingest thành công 1 chunks từ merged_phu-quoc_food_nha-hang-bien-xanh_chunks.json
2026-04-05 15:10:38 [INFO    ] service.embedding — Encoding 1 documents...
2026-04-05 15:10:39 [INFO    ] ingestion.ingest_runner — ✅ Ingest thành công 1 chunks từ merged_phu-quoc_food_hanh-nhung-luxury_chunks.json
2026-04-05 15:10:39 [INFO    ] service.embedding — Encoding 1 documents...
2026-04-05 15:10:40 [INFO    ] ingestion.ingest_runner — ✅ Ingest thành công 1 chunks từ merged_phu-quoc_food_thuan-kieu-2_chunks.json
2026-04-05 15:10:40 [INFO    ] service.embedding — Encoding 1 documents...
2026-04-05 15:10:41 [INFO    ] ingestion.ingest_runner — ✅ Ingest thành công 1 chunks từ merged_phu-quoc_food_be-ghe-floating-restaurant_chunks.json
2026-04-05 15:10:41 [INFO    ] service.embedding — Encoding 1 documents...
2026-04-05 15:10:42 [INFO    ] ingestion.ingest_runner — ✅ Ingest thành công 1 chunks từ merged_phu-quoc_food_bup-restaurant_chunks.json
2026-04-05 15:10:42 [INFO    ] service.embedding — Encoding 1 documents...
2026-04-05 15:10:44 [INFO    ] ingestion.ingest_runner — ✅ Ingest thành công 1 chunks từ merged_phu-quoc_food_ham-ninh-quan_chunks.json
2026-04-05 15:10:44 [INFO    ] service.embedding — Encoding 1 documents...
2026-04-05 15:10:45 [INFO    ] ingestion.ingest_runner — ✅ Ingest thành công 1 chunks từ merged_phu-quoc_food_nha-hang-the-gioi-hai-san-ham-ninh_chunks.json
2026-04-05 15:10:45 [INFO    ] service.embedding — Encoding 1 documents...
2026-04-05 15:10:46 [INFO    ] ingestion.ingest_runner — ✅ Ingest thành công 1 chunks từ merged_phu-quoc_food_nha-hang-hai-san-phuong-hoang_chunks.json
2026-04-05 15:10:46 [INFO    ] service.embedding — Encoding 6 documents...
2026-04-05 15:10:54 [INFO    ] ingestion.ingest_runner — ✅ Ingest thành công 6 chunks từ merged_phu-quoc_destination_phu-quoc_chunks.json
2026-04-05 15:13:51 [INFO    ] service.embedding — Loading embedding model: BAAI/bge-m3 on cpu
2026-04-05 15:14:18 [INFO    ] service.embedding — EmbeddingService initialized | dim=1024
2026-04-05 16:05:48 [INFO    ] service.embedding — Loading embedding model: BAAI/bge-m3 on cpu
2026-04-05 16:06:04 [INFO    ] service.embedding — EmbeddingService initialized | dim=1024
2026-04-05 16:09:14 [INFO    ] service.embedding — Loading embedding model: BAAI/bge-m3 on cpu
2026-04-05 16:09:33 [INFO    ] service.embedding — EmbeddingService initialized | dim=1024
2026-04-05 16:12:13 [INFO    ] service.embedding — Loading embedding model: BAAI/bge-m3 on cpu
2026-04-05 16:12:33 [INFO    ] service.embedding — EmbeddingService initialized | dim=1024
2026-04-05 16:18:32 [INFO    ] service.embedding — Loading embedding model: BAAI/bge-m3 on cpu
2026-04-05 16:18:50 [INFO    ] service.embedding — EmbeddingService initialized | dim=1024
2026-04-05 16:33:33 [INFO    ] service.embedding — Loading embedding model: BAAI/bge-m3 on cpu
2026-04-05 16:34:02 [INFO    ] service.embedding — EmbeddingService initialized | dim=1024
2026-04-05 16:45:15 [INFO    ] service.embedding — Loading embedding model: BAAI/bge-m3 on cpu
2026-04-05 16:45:27 [INFO    ] service.embedding — EmbeddingService initialized | dim=1024
2026-04-05 16:53:31 [INFO    ] service.embedding — Loading embedding model: BAAI/bge-m3 on cpu
2026-04-05 16:53:47 [INFO    ] service.embedding — EmbeddingService initialized | dim=1024
2026-04-05 16:56:54 [INFO    ] service.embedding — Loading embedding model: BAAI/bge-m3 on cpu
2026-04-05 16:57:14 [INFO    ] service.embedding — EmbeddingService initialized | dim=1024
2026-04-05 17:01:00 [INFO    ] service.embedding — Loading embedding model: BAAI/bge-m3 on cpu
2026-04-05 17:01:18 [INFO    ] service.embedding — EmbeddingService initialized | dim=1024
2026-04-06 16:33:01 [INFO    ] service.embedding — Loading embedding model: BAAI/bge-m3 on cpu
2026-04-06 16:33:34 [INFO    ] service.embedding — EmbeddingService initialized | dim=1024
2026-04-06 16:50:27 [INFO    ] service.embedding — Loading embedding model: BAAI/bge-m3 on cpu
2026-04-06 16:50:47 [INFO    ] service.embedding — Loading embedding model: BAAI/bge-m3 on cpu
2026-04-06 16:50:53 [INFO    ] service.embedding — EmbeddingService initialized | dim=1024
2026-04-06 16:51:15 [INFO    ] service.embedding — EmbeddingService initialized | dim=1024
2026-04-06 17:14:05 [INFO    ] service.embedding — Loading embedding model: BAAI/bge-m3 on cpu
2026-04-06 17:14:26 [INFO    ] service.embedding — EmbeddingService initialized | dim=1024
2026-04-06 17:38:45 [INFO    ] service.embedding — Loading embedding model: BAAI/bge-m3 on cpu
2026-04-06 17:39:03 [INFO    ] service.embedding — EmbeddingService initialized | dim=1024
2026-04-06 17:43:57 [INFO    ] service.embedding — Loading embedding model: BAAI/bge-m3 on cpu
2026-04-06 17:44:28 [INFO    ] service.embedding — EmbeddingService initialized | dim=1024
2026-04-07 21:49:48 [INFO    ] service.embedding — Loading embedding model: BAAI/bge-m3 on cpu
2026-04-07 21:50:30 [INFO    ] service.embedding — EmbeddingService initialized | dim=1024
2026-04-07 21:50:30 [INFO    ] ingestion.ingest_runner —  Bắt đầu Ingest 339 file từ thư mục: */*
2026-04-07 21:50:30 [INFO    ] ingestion.ingest_runner — BM25 chưa được fit, tiến hành quét toàn bộ chunks để tạo vocab...
2026-04-07 21:50:35 [INFO    ] service.bm25_encoder — Đang huấn luyện BM25 trên 451 chunks dữ liệu du lịch...
2026-04-07 21:50:42 [INFO    ] service.bm25_encoder — Chiều dài chunk trung bình (avg_len): 74.6 tokens
2026-04-07 21:50:42 [INFO    ] service.bm25_encoder — Đã lọc 2 tokens rác vì xuất hiện quá thường xuyên (IDF < 0.15)
2026-04-07 21:50:42 [INFO    ] service.bm25_encoder — BM25 Fit Hoàn tất | Kích thước Vocab: 4346
2026-04-07 21:50:42 [INFO    ] service.bm25_encoder — Đã lưu BM25 Vocab tại: G:\My Drive\DataLake_baseknowledge_rag_KTLN\dataset\vocab.json
2026-04-07 21:50:42 [INFO    ] service.embedding — Encoding 1 documents...
2026-04-07 21:51:47 [INFO    ] ingestion.ingest_runner —  Ingest thành công 1 chunks từ merged_da-lat_place_rung-giao-huong-da-lat_chunks.json
2026-04-07 21:51:48 [INFO    ] service.embedding — Encoding 1 documents...
2026-04-07 21:51:50 [INFO    ] ingestion.ingest_runner —  Ingest thành công 1 chunks từ merged_da-lat_place_soul-story_chunks.json
2026-04-07 21:51:50 [INFO    ] service.embedding — Encoding 1 documents...
2026-04-07 21:51:52 [INFO    ] ingestion.ingest_runner —  Ingest thành công 1 chunks từ merged_da-lat_place_thung-lung-tinh-yeu_chunks.json
2026-04-07 21:51:52 [INFO    ] service.embedding — Encoding 1 documents...
2026-04-07 21:51:55 [INFO    ] ingestion.ingest_runner —  Ingest thành công 1 chunks từ merged_da-lat_place_tiem-ca-phe-binh-minh-oi_chunks.json
2026-04-07 21:51:55 [INFO    ] service.embedding — Encoding 1 documents...
2026-04-07 21:51:57 [INFO    ] ingestion.ingest_runner —  Ingest thành công 1 chunks từ merged_da-lat_place_quan-trang_chunks.json
2026-04-07 21:51:57 [INFO    ] service.embedding — Encoding 1 documents...
2026-04-07 21:51:58 [INFO    ] ingestion.ingest_runner —  Ingest thành công 1 chunks từ merged_da-lat_place_keng_chunks.json
2026-04-07 21:51:58 [INFO    ] service.embedding — Encoding 1 documents...
2026-04-07 21:51:59 [INFO    ] ingestion.ingest_runner —  Ingest thành công 1 chunks từ merged_da-lat_place_quan-long_chunks.json
2026-04-07 21:51:59 [INFO    ] service.embedding — Encoding 1 documents...
2026-04-07 21:52:00 [INFO    ] ingestion.ingest_runner —  Ingest thành công 1 chunks từ merged_da-lat_place_thac-datanla_chunks.json
2026-04-07 21:52:00 [INFO    ] service.embedding — Encoding 1 documents...
2026-04-07 21:52:01 [INFO    ] ingestion.ingest_runner —  Ingest thành công 1 chunks từ merged_da-lat_place_lau-ga-la-e-tao-ngo_chunks.json
2026-04-07 21:52:01 [INFO    ] service.embedding — Encoding 2 documents...
2026-04-07 21:52:05 [INFO    ] ingestion.ingest_runner —  Ingest thành công 2 chunks từ merged_da-lat_place_ho-xuan-huong_chunks.json
2026-04-07 21:52:05 [INFO    ] service.embedding — Encoding 1 documents...
2026-04-07 21:52:08 [INFO    ] ingestion.ingest_runner —  Ingest thành công 1 chunks từ merged_da-lat_place_vuon-hoa-da-lat_chunks.json
2026-04-07 21:52:08 [INFO    ] service.embedding — Encoding 1 documents...
2026-04-07 21:52:10 [INFO    ] ingestion.ingest_runner —  Ingest thành công 1 chunks từ merged_da-lat_place_lo-da-lat_chunks.json
2026-04-07 21:52:10 [INFO    ] service.embedding — Encoding 1 documents...
2026-04-07 21:52:11 [INFO    ] ingestion.ingest_runner —  Ingest thành công 1 chunks từ merged_da-lat_place_quan-hoa-sua_chunks.json
2026-04-07 21:52:11 [INFO    ] service.embedding — Encoding 1 documents...
2026-04-07 21:52:13 [INFO    ] ingestion.ingest_runner —  Ingest thành công 1 chunks từ merged_da-lat_place_vuon-yeu-da-lat_chunks.json
2026-04-07 21:52:13 [INFO    ] service.embedding — Encoding 1 documents...
2026-04-07 21:52:16 [INFO    ] ingestion.ingest_runner —  Ingest thành công 1 chunks từ merged_da-lat_place_duong-ham-hoa-xa-da-lat_chunks.json
2026-04-07 21:52:16 [INFO    ] service.embedding — Encoding 1 documents...
2026-04-07 21:52:19 [INFO    ] ingestion.ingest_runner —  Ingest thành công 1 chunks từ merged_da-lat_place_vuon-dau-nhat-b-farm-da-lat_chunks.json
2026-04-07 21:52:19 [INFO    ] service.embedding — Encoding 1 documents...
2026-04-07 21:52:19 [INFO    ] ingestion.ingest_runner —  Ingest thành công 1 chunks từ merged_da-lat_place_phuong-xuan-huong_chunks.json
2026-04-07 21:52:19 [INFO    ] service.embedding — Encoding 1 documents...
2026-04-07 21:52:21 [INFO    ] ingestion.ingest_runner —  Ingest thành công 1 chunks từ merged_da-lat_place_zoodoo_chunks.json
2026-04-07 21:52:21 [INFO    ] service.embedding — Encoding 1 documents...
2026-04-07 21:52:22 [INFO    ] ingestion.ingest_runner —  Ingest thành công 1 chunks từ merged_da-lat_place_samten-hills-da-lat_chunks.json
2026-04-07 21:52:22 [INFO    ] service.embedding — Encoding 1 documents...
2026-04-07 21:52:24 [INFO    ] ingestion.ingest_runner —  Ingest thành công 1 chunks từ merged_da-lat_place_pho-bich-hoa-doc-nha-lang_chunks.json
2026-04-07 21:52:24 [INFO    ] service.embedding — Encoding 1 documents...
2026-04-07 21:52:26 [INFO    ] ingestion.ingest_runner —  Ingest thành công 1 chunks từ merged_da-lat_place_doi-vo-anh-da-lat_chunks.json
2026-04-07 21:52:26 [INFO    ] service.embedding — Encoding 1 documents...
2026-04-07 21:52:27 [INFO    ] ingestion.ingest_runner —  Ingest thành công 1 chunks từ merged_da-lat_place_in-the-forest-da-lat_chunks.json
2026-04-07 21:52:27 [INFO    ] service.embedding — Encoding 1 documents...
2026-04-07 21:52:29 [INFO    ] ingestion.ingest_runner —  Ingest thành công 1 chunks từ merged_da-lat_place_bac-thang-len-hoi-ong-troi_chunks.json
2026-04-07 21:52:29 [INFO    ] service.embedding — Encoding 1 documents...
2026-04-07 21:52:30 [INFO    ] ingestion.ingest_runner —  Ingest thành công 1 chunks từ merged_da-lat_place_dalat-wonderland_chunks.json
2026-04-07 21:52:30 [INFO    ] service.embedding — Encoding 2 documents...
2026-04-07 21:52:36 [INFO    ] ingestion.ingest_runner —  Ingest thành công 2 chunks từ merged_da-lat_place_cafe-suoi-mo_chunks.json
2026-04-07 21:52:36 [INFO    ] service.embedding — Encoding 2 documents...
2026-04-07 21:52:40 [INFO    ] ingestion.ingest_runner —  Ingest thành công 2 chunks từ merged_da-lat_place_da-lat_chunks.json
2026-04-07 21:52:40 [INFO    ] service.embedding — Encoding 1 documents...
2026-04-07 21:52:43 [INFO    ] ingestion.ingest_runner —  Ingest thành công 1 chunks từ merged_da-lat_place_dinh-bao-dai-3_chunks.json
2026-04-07 21:52:43 [INFO    ] service.embedding — Encoding 1 documents...
2026-04-07 21:52:45 [INFO    ] ingestion.ingest_runner —  Ingest thành công 1 chunks từ merged_da-lat_place_hoa-son-dien-trang_chunks.json
2026-04-07 21:52:45 [INFO    ] service.embedding — Encoding 1 documents...
2026-04-07 21:52:47 [INFO    ] ingestion.ingest_runner —  Ingest thành công 1 chunks từ merged_da-lat_place_ho-tuyen-lam_chunks.json
2026-04-07 21:52:47 [INFO    ] service.embedding — Encoding 1 documents...
2026-04-07 21:52:50 [INFO    ] ingestion.ingest_runner —  Ingest thành công 1 chunks từ merged_da-lat_place_doi-co-hong_chunks.json
2026-04-07 21:52:50 [INFO    ] service.embedding — Encoding 2 documents...
2026-04-07 21:52:56 [INFO    ] ingestion.ingest_runner —  Ingest thành công 2 chunks từ merged_da-lat_place_dalat-fairytale-land_chunks.json
2026-04-07 21:52:56 [INFO    ] service.embedding — Encoding 5 documents...
2026-04-07 21:53:04 [INFO    ] ingestion.ingest_runner —  Ingest thành công 5 chunks từ merged_da-lat_destination_da-lat_chunks.json
2026-04-07 21:53:04 [INFO    ] service.embedding — Encoding 2 documents...
2026-04-07 21:53:09 [INFO    ] ingestion.ingest_runner —  Ingest thành công 2 chunks từ merged_da-lat_itinerary_lich-trinh-du-lich-da-lat-3-ngay-2-dem-3n2d_chunks.json
2026-04-07 21:53:09 [INFO    ] service.embedding — Encoding 2 documents...
2026-04-07 21:53:13 [INFO    ] ingestion.ingest_runner —  Ingest thành công 2 chunks từ merged_da-lat_itinerary_goi-y-lich-trinh-du-lich-da-lat-3n2d-tu-tuc-cho-cap-doi-tiet-kiem-nhat_chunks.json
2026-04-07 21:53:13 [INFO    ] service.embedding — Encoding 2 documents...
2026-04-07 21:53:18 [INFO    ] ingestion.ingest_runner —  Ingest thành công 2 chunks từ merged_da-lat_itinerary_lich-trinh-du-lich-da-lat-2-ngay-1-dem-2n1d_chunks.json
2026-04-07 21:53:18 [INFO    ] service.embedding — Encoding 6 documents...
2026-04-07 21:53:28 [INFO    ] ingestion.ingest_runner —  Ingest thành công 6 chunks từ merged_da-lat_itinerary_goi-y-chi-tiet-lich-trinh-da-lat-3n2d-cho-cac-cap-doi_chunks.json
2026-04-07 21:53:28 [INFO    ] service.embedding — Encoding 1 documents...
2026-04-07 21:53:29 [INFO    ] ingestion.ingest_runner —  Ingest thành công 1 chunks từ merged_da-lat_food_bun-bo-da-lat_chunks.json
2026-04-07 21:53:29 [INFO    ] service.embedding — Encoding 2 documents...
2026-04-07 21:53:31 [INFO    ] ingestion.ingest_runner —  Ingest thành công 2 chunks từ merged_da-lat_food_banh-trang-nuong_chunks.json
2026-04-07 21:53:31 [INFO    ] service.embedding — Encoding 3 documents...
2026-04-07 21:53:36 [INFO    ] ingestion.ingest_runner —  Ingest thành công 3 chunks từ merged_da-lat_food_banh-can_chunks.json
2026-04-07 21:53:36 [INFO    ] service.embedding — Encoding 1 documents...
2026-04-07 21:53:38 [INFO    ] ingestion.ingest_runner —  Ingest thành công 1 chunks từ merged_da-lat_food_ga-nuong-com-lam_chunks.json
2026-04-07 21:53:38 [INFO    ] service.embedding — Encoding 1 documents...
2026-04-07 21:53:39 [INFO    ] ingestion.ingest_runner —  Ingest thành công 1 chunks từ merged_da-lat_food_lau-ca-tam_chunks.json
2026-04-07 21:53:39 [INFO    ] service.embedding — Encoding 1 documents...
2026-04-07 21:53:40 [INFO    ] ingestion.ingest_runner —  Ingest thành công 1 chunks từ merged_da-lat_food_mi-quang-da-lat_chunks.json
2026-04-07 21:53:40 [INFO    ] service.embedding — Encoding 1 documents...
2026-04-07 21:53:42 [INFO    ] ingestion.ingest_runner —  Ingest thành công 1 chunks từ merged_da-lat_food_banh-mi-xiu-mai-phuc-han_chunks.json
2026-04-07 21:53:42 [INFO    ] service.embedding — Encoding 1 documents...
2026-04-07 21:53:44 [INFO    ] ingestion.ingest_runner —  Ingest thành công 1 chunks từ merged_da-lat_food_lau-bo-da-lat_chunks.json
2026-04-07 21:53:44 [INFO    ] service.embedding — Encoding 3 documents...
2026-04-07 21:53:48 [INFO    ] ingestion.ingest_runner —  Ingest thành công 3 chunks từ merged_da-lat_food_banh-uot-long-ga_chunks.json
2026-04-07 21:53:48 [INFO    ] service.embedding — Encoding 1 documents...
2026-04-07 21:53:49 [INFO    ] ingestion.ingest_runner —  Ingest thành công 1 chunks từ merged_da-lat_food_banh-can-da-lat_chunks.json
2026-04-07 21:53:49 [INFO    ] service.embedding — Encoding 1 documents...
2026-04-07 21:53:50 [INFO    ] ingestion.ingest_runner —  Ingest thành công 1 chunks từ merged_da-lat_food_lau-ga-la-e_chunks.json
2026-04-07 21:53:50 [INFO    ] service.embedding — Encoding 1 documents...
2026-04-07 21:53:51 [INFO    ] ingestion.ingest_runner —  Ingest thành công 1 chunks từ merged_da-lat_food_banh-beo_chunks.json
2026-04-07 21:53:51 [INFO    ] service.embedding — Encoding 1 documents...
2026-04-07 21:53:53 [INFO    ] ingestion.ingest_runner —  Ingest thành công 1 chunks từ merged_da-lat_food_banh-uot-xep-chong_chunks.json
2026-04-07 21:53:53 [INFO    ] service.embedding — Encoding 1 documents...
2026-04-07 21:53:53 [INFO    ] ingestion.ingest_runner —  Ingest thành công 1 chunks từ merged_da-lat_food_banh-mi-xiu-mai_chunks.json
2026-04-07 21:53:53 [INFO    ] service.embedding — Encoding 2 documents...
2026-04-07 21:53:57 [INFO    ] ingestion.ingest_runner —  Ingest thành công 2 chunks từ merged_an-giang_place_chua-kim-tien_chunks.json
2026-04-07 21:53:57 [INFO    ] service.embedding — Encoding 1 documents...
2026-04-07 21:54:00 [INFO    ] ingestion.ingest_runner —  Ingest thành công 1 chunks từ merged_an-giang_place_canh-dong-ta-pa_chunks.json
2026-04-07 21:54:00 [INFO    ] service.embedding — Encoding 1 documents...
2026-04-07 21:54:01 [INFO    ] ingestion.ingest_runner —  Ingest thành công 1 chunks từ merged_an-giang_place_bung-binh-thien_chunks.json
2026-04-07 21:54:01 [INFO    ] service.embedding — Encoding 1 documents...
2026-04-07 21:54:02 [INFO    ] ingestion.ingest_runner —  Ingest thành công 1 chunks từ merged_an-giang_place_ho-soai-so_chunks.json
2026-04-07 21:54:02 [INFO    ] service.embedding — Encoding 1 documents...
2026-04-07 21:54:03 [INFO    ] ingestion.ingest_runner —  Ingest thành công 1 chunks từ merged_an-giang_place_doi-tuc-dup_chunks.json
2026-04-07 21:54:03 [INFO    ] service.embedding — Encoding 1 documents...
2026-04-07 21:54:04 [INFO    ] ingestion.ingest_runner —  Ingest thành công 1 chunks từ merged_an-giang_place_cho-tinh-bien_chunks.json
2026-04-07 21:54:04 [INFO    ] service.embedding — Encoding 2 documents...
2026-04-07 21:54:07 [INFO    ] ingestion.ingest_runner —  Ingest thành công 2 chunks từ merged_an-giang_place_ho-latina_chunks.json
2026-04-07 21:54:07 [INFO    ] service.embedding — Encoding 1 documents...
2026-04-07 21:54:08 [INFO    ] ingestion.ingest_runner —  Ingest thành công 1 chunks từ merged_an-giang_place_ho-o-thum_chunks.json
2026-04-07 21:54:08 [INFO    ] service.embedding — Encoding 2 documents...
2026-04-07 21:54:11 [INFO    ] ingestion.ingest_runner —  Ingest thành công 2 chunks từ merged_an-giang_place_chua-xa-ton-tri-ton-chua-xvayton_chunks.json
2026-04-07 21:54:11 [INFO    ] service.embedding — Encoding 1 documents...
2026-04-07 21:54:12 [INFO    ] ingestion.ingest_runner —  Ingest thành công 1 chunks từ merged_an-giang_place_chua-tay-an-nui-sam-tay-an-co-tu_chunks.json
2026-04-07 21:54:12 [INFO    ] service.embedding — Encoding 1 documents...
2026-04-07 21:54:14 [INFO    ] ingestion.ingest_runner —  Ingest thành công 1 chunks từ merged_an-giang_place_bao-tang-an-giang_chunks.json
2026-04-07 21:54:14 [INFO    ] service.embedding — Encoding 2 documents...
2026-04-07 21:54:18 [INFO    ] ingestion.ingest_runner —  Ingest thành công 2 chunks từ merged_an-giang_place_chua-van-linh_chunks.json
2026-04-07 21:54:18 [INFO    ] service.embedding — Encoding 2 documents...
2026-04-07 21:54:21 [INFO    ] ingestion.ingest_runner —  Ingest thành công 2 chunks từ merged_an-giang_place_cho-noi-long-xuyen_chunks.json
2026-04-07 21:54:21 [INFO    ] service.embedding — Encoding 1 documents...
2026-04-07 21:54:23 [INFO    ] ingestion.ingest_runner —  Ingest thành công 1 chunks từ merged_an-giang_place_chua-xa-ton_chunks.json
2026-04-07 21:54:23 [INFO    ] service.embedding — Encoding 1 documents...
2026-04-07 21:54:26 [INFO    ] ingestion.ingest_runner —  Ingest thành công 1 chunks từ merged_an-giang_place_khach-san-victoria-chau-doc_chunks.json
2026-04-07 21:54:26 [INFO    ] service.embedding — Encoding 1 documents...
2026-04-07 21:54:28 [INFO    ] ingestion.ingest_runner —  Ingest thành công 1 chunks từ merged_an-giang_place_khu-luu-niem-chu-tich-ton-duc-thang_chunks.json
2026-04-07 21:54:28 [INFO    ] service.embedding — Encoding 1 documents...
2026-04-07 21:54:30 [INFO    ] ingestion.ingest_runner —  Ingest thành công 1 chunks từ merged_an-giang_place_chua-ta-pa_chunks.json
2026-04-07 21:54:30 [INFO    ] service.embedding — Encoding 1 documents...
2026-04-07 21:54:32 [INFO    ] ingestion.ingest_runner —  Ingest thành công 1 chunks từ merged_an-giang_place_cho-bien-gioi-tinh-bien_chunks.json
2026-04-07 21:54:32 [INFO    ] service.embedding — Encoding 2 documents...
2026-04-07 21:54:37 [INFO    ] ingestion.ingest_runner —  Ingest thành công 2 chunks từ merged_an-giang_place_lang-thoai-ngoc-hau_chunks.json
2026-04-07 21:54:37 [INFO    ] service.embedding — Encoding 1 documents...
2026-04-07 21:54:39 [INFO    ] ingestion.ingest_runner —  Ingest thành công 1 chunks từ merged_an-giang_place_chua-phuoc-thanh_chunks.json
2026-04-07 21:54:39 [INFO    ] service.embedding — Encoding 1 documents...
2026-04-07 21:54:40 [INFO    ] ingestion.ingest_runner —  Ingest thành công 1 chunks từ merged_an-giang_place_ho-ong-thoai-nui-sap_chunks.json
2026-04-07 21:54:40 [INFO    ] service.embedding — Encoding 3 documents...
2026-04-07 21:54:43 [INFO    ] ingestion.ingest_runner —  Ingest thành công 3 chunks từ merged_an-giang_place_chua-lau_chunks.json
2026-04-07 21:54:43 [INFO    ] service.embedding — Encoding 1 documents...
2026-04-07 21:54:45 [INFO    ] ingestion.ingest_runner —  Ingest thành công 1 chunks từ merged_an-giang_place_ho-ong-thoai_chunks.json
2026-04-07 21:54:45 [INFO    ] service.embedding — Encoding 2 documents...
2026-04-07 21:54:47 [INFO    ] ingestion.ingest_runner —  Ingest thành công 2 chunks từ merged_an-giang_place_cho-chau-doc_chunks.json
2026-04-07 21:54:47 [INFO    ] service.embedding — Encoding 1 documents...
2026-04-07 21:54:50 [INFO    ] ingestion.ingest_runner —  Ingest thành công 1 chunks từ merged_an-giang_place_lang-cham-chau-phongchau-giang_chunks.json
2026-04-07 21:54:50 [INFO    ] service.embedding — Encoding 2 documents...
2026-04-07 21:54:54 [INFO    ] ingestion.ingest_runner —  Ingest thành công 2 chunks từ merged_an-giang_place_chua-huynh-dao_chunks.json
2026-04-07 21:54:54 [INFO    ] service.embedding — Encoding 1 documents...
2026-04-07 21:54:56 [INFO    ] ingestion.ingest_runner —  Ingest thành công 1 chunks từ merged_an-giang_place_chua-bong-lai_chunks.json
2026-04-07 21:54:56 [INFO    ] service.embedding — Encoding 1 documents...
2026-04-07 21:54:57 [INFO    ] ingestion.ingest_runner —  Ingest thành công 1 chunks từ merged_an-giang_place_chua-van-linh-nui-cam_chunks.json
2026-04-07 21:54:57 [INFO    ] service.embedding — Encoding 1 documents...
2026-04-07 21:54:59 [INFO    ] ingestion.ingest_runner —  Ingest thành công 1 chunks từ merged_an-giang_place_chua-moi-an-giang_chunks.json
2026-04-07 21:54:59 [INFO    ] service.embedding — Encoding 1 documents...
2026-04-07 21:55:01 [INFO    ] ingestion.ingest_runner —  Ingest thành công 1 chunks từ merged_an-giang_place_chua-hang-chau-doc_chunks.json
2026-04-07 21:55:01 [INFO    ] service.embedding — Encoding 1 documents...
2026-04-07 21:55:02 [INFO    ] ingestion.ingest_runner —  Ingest thành công 1 chunks từ merged_an-giang_place_khu-du-lich-nui-sap_chunks.json
2026-04-07 21:55:02 [INFO    ] service.embedding — Encoding 1 documents...
2026-04-07 21:55:04 [INFO    ] ingestion.ingest_runner —  Ingest thành công 1 chunks từ merged_an-giang_place_rung-tram-tra-su_chunks.json
2026-04-07 21:55:04 [INFO    ] service.embedding — Encoding 2 documents...
2026-04-07 21:55:08 [INFO    ] ingestion.ingest_runner —  Ingest thành công 2 chunks từ merged_an-giang_place_chua-ong-bon-chau-doc_chunks.json
2026-04-07 21:55:08 [INFO    ] service.embedding — Encoding 1 documents...
2026-04-07 21:55:09 [INFO    ] ingestion.ingest_runner —  Ingest thành công 1 chunks từ merged_an-giang_place_van-huong-mai_chunks.json
2026-04-07 21:55:09 [INFO    ] service.embedding — Encoding 1 documents...
2026-04-07 21:55:10 [INFO    ] ingestion.ingest_runner —  Ingest thành công 1 chunks từ merged_an-giang_place_canh-cong-chua-koh-kas_chunks.json
2026-04-07 21:55:10 [INFO    ] service.embedding — Encoding 1 documents...
2026-04-07 21:55:10 [INFO    ] ingestion.ingest_runner —  Ingest thành công 1 chunks từ merged_an-giang_place_thot-not-trai-tim_chunks.json
2026-04-07 21:55:10 [INFO    ] service.embedding — Encoding 2 documents...
2026-04-07 21:55:14 [INFO    ] ingestion.ingest_runner —  Ingest thành công 2 chunks từ merged_an-giang_place_chua-koh-kas_chunks.json
2026-04-07 21:55:14 [INFO    ] service.embedding — Encoding 1 documents...
2026-04-07 21:55:15 [INFO    ] ingestion.ingest_runner —  Ingest thành công 1 chunks từ merged_an-giang_place_lang-cham-chau-giang_chunks.json
2026-04-07 21:55:15 [INFO    ] service.embedding — Encoding 1 documents...
2026-04-07 21:55:16 [INFO    ] ingestion.ingest_runner —  Ingest thành công 1 chunks từ merged_an-giang_place_thien-vien-truc-lam-an-giang_chunks.json
2026-04-07 21:55:16 [INFO    ] service.embedding — Encoding 1 documents...
2026-04-07 21:55:18 [INFO    ] ingestion.ingest_runner —  Ingest thành công 1 chunks từ merged_an-giang_place_phuoc-dien-tu-chua-hang_chunks.json
2026-04-07 21:55:18 [INFO    ] service.embedding — Encoding 2 documents...
2026-04-07 21:55:20 [INFO    ] ingestion.ingest_runner —  Ingest thành công 2 chunks từ merged_an-giang_place_nha-mo-ba-chuc_chunks.json
2026-04-07 21:55:20 [INFO    ] service.embedding — Encoding 1 documents...
2026-04-07 21:55:22 [INFO    ] ingestion.ingest_runner —  Ingest thành công 1 chunks từ merged_an-giang_place_thanh-duong-hoi-giao-jamiul-azhar_chunks.json
2026-04-07 21:55:22 [INFO    ] service.embedding — Encoding 2 documents...
2026-04-07 21:55:24 [INFO    ] ingestion.ingest_runner —  Ingest thành công 2 chunks từ merged_an-giang_place_mieu-ba-chua-xu-nui-sam_chunks.json
2026-04-07 21:55:24 [INFO    ] service.embedding — Encoding 1 documents...
2026-04-07 21:55:26 [INFO    ] ingestion.ingest_runner —  Ingest thành công 1 chunks từ merged_an-giang_place_phuoc-lam-tu-chua-lau_chunks.json
2026-04-07 21:55:26 [INFO    ] service.embedding — Encoding 1 documents...
2026-04-07 21:55:27 [INFO    ] ingestion.ingest_runner —  Ingest thành công 1 chunks từ merged_an-giang_place_nui-sam_chunks.json
2026-04-07 21:55:27 [INFO    ] service.embedding — Encoding 1 documents...
2026-04-07 21:55:29 [INFO    ] ingestion.ingest_runner —  Ingest thành công 1 chunks từ merged_an-giang_place_tay-an-co-tu-chua-tay-an_chunks.json
2026-04-07 21:55:29 [INFO    ] service.embedding — Encoding 1 documents...
2026-04-07 21:55:31 [INFO    ] ingestion.ingest_runner —  Ingest thành công 1 chunks từ merged_an-giang_place_mieu-ba-chua-xu-bau-muop_chunks.json
2026-04-07 21:55:31 [INFO    ] service.embedding — Encoding 1 documents...
2026-04-07 21:55:31 [INFO    ] ingestion.ingest_runner —  Ingest thành công 1 chunks từ merged_an-giang_place_cua-hang-dac-san-mam-chau-doc-ba-giao-thao_chunks.json
2026-04-07 21:55:32 [INFO    ] service.embedding — Encoding 1 documents...
2026-04-07 21:55:33 [INFO    ] ingestion.ingest_runner —  Ingest thành công 1 chunks từ merged_an-giang_place_nui-cam-thien-cam-son_chunks.json
2026-04-07 21:55:33 [INFO    ] service.embedding — Encoding 1 documents...
2026-04-07 21:55:34 [INFO    ] ingestion.ingest_runner —  Ingest thành công 1 chunks từ merged_an-giang_place_sieu-thi-tu-son_chunks.json
2026-04-07 21:55:34 [INFO    ] service.embedding — Encoding 5 documents...
2026-04-07 21:55:40 [INFO    ] ingestion.ingest_runner —  Ingest thành công 5 chunks từ merged_an-giang_destination_an-giang_chunks.json
2026-04-07 21:55:40 [INFO    ] service.embedding — Encoding 1 documents...
2026-04-07 21:55:41 [INFO    ] ingestion.ingest_runner —  Ingest thành công 1 chunks từ merged_an-giang_food_kho-ran-nuong-an-phu_chunks.json
2026-04-07 21:55:41 [INFO    ] service.embedding — Encoding 1 documents...
2026-04-07 21:55:42 [INFO    ] ingestion.ingest_runner —  Ingest thành công 1 chunks từ merged_an-giang_food_ca-na-dap-dap_chunks.json
2026-04-07 21:55:42 [INFO    ] service.embedding — Encoding 4 documents...
2026-04-07 21:55:52 [INFO    ] ingestion.ingest_runner —  Ingest thành công 4 chunks từ merged_an-giang_food_com-tam-long-xuyen_chunks.json
2026-04-07 21:55:52 [INFO    ] service.embedding — Encoding 3 documents...
2026-04-07 21:55:57 [INFO    ] ingestion.ingest_runner —  Ingest thành công 3 chunks từ merged_an-giang_food_ech-kep-nuong-tri-ton_chunks.json
2026-04-07 21:55:57 [INFO    ] service.embedding — Encoding 1 documents...
2026-04-07 21:55:58 [INFO    ] ingestion.ingest_runner —  Ingest thành công 1 chunks từ merged_an-giang_food_che-thot-not-an-giang_chunks.json
2026-04-07 21:55:58 [INFO    ] service.embedding — Encoding 3 documents...
2026-04-07 21:56:01 [INFO    ] ingestion.ingest_runner —  Ingest thành công 3 chunks từ merged_an-giang_food_goi-sau-dau_chunks.json
2026-04-07 21:56:01 [INFO    ] service.embedding — Encoding 3 documents...
2026-04-07 21:56:06 [INFO    ] ingestion.ingest_runner —  Ingest thành công 3 chunks từ merged_an-giang_food_banh-bo-thot-not_chunks.json
2026-04-07 21:56:06 [INFO    ] service.embedding — Encoding 3 documents...
2026-04-07 21:56:10 [INFO    ] ingestion.ingest_runner —  Ingest thành công 3 chunks từ merged_an-giang_food_ga-dot-la-chuc-o-thum_chunks.json
2026-04-07 21:56:10 [INFO    ] service.embedding — Encoding 3 documents...
2026-04-07 21:56:17 [INFO    ] ingestion.ingest_runner —  Ingest thành công 3 chunks từ merged_an-giang_food_banh-xeo-nui-cam_chunks.json
2026-04-07 21:56:17 [INFO    ] service.embedding — Encoding 1 documents...
2026-04-07 21:56:18 [INFO    ] ingestion.ingest_runner —  Ingest thành công 1 chunks từ merged_an-giang_food_banh-phong-ca-linh_chunks.json
2026-04-07 21:56:18 [INFO    ] service.embedding — Encoding 1 documents...
2026-04-07 21:56:20 [INFO    ] ingestion.ingest_runner —  Ingest thành công 1 chunks từ merged_an-giang_food_banh-tam-bi-tan-chau_chunks.json
2026-04-07 21:56:20 [INFO    ] service.embedding — Encoding 1 documents...
2026-04-07 21:56:22 [INFO    ] ingestion.ingest_runner —  Ingest thành công 1 chunks từ merged_an-giang_food_banh-cham-an-giang_chunks.json
2026-04-07 21:56:22 [INFO    ] service.embedding — Encoding 2 documents...
2026-04-07 21:56:25 [INFO    ] ingestion.ingest_runner —  Ingest thành công 2 chunks từ merged_an-giang_food_bun-ca-long-xuyen_chunks.json
2026-04-07 21:56:25 [INFO    ] service.embedding — Encoding 2 documents...
2026-04-07 21:56:28 [INFO    ] ingestion.ingest_runner —  Ingest thành công 2 chunks từ merged_an-giang_food_goi-du-du-dam_chunks.json
2026-04-07 21:56:28 [INFO    ] service.embedding — Encoding 1 documents...
2026-04-07 21:56:29 [INFO    ] ingestion.ingest_runner —  Ingest thành công 1 chunks từ merged_an-giang_food_ga-hap-la-truc_chunks.json
2026-04-07 21:56:29 [INFO    ] service.embedding — Encoding 3 documents...
2026-04-07 21:56:35 [INFO    ] ingestion.ingest_runner —  Ingest thành công 3 chunks từ merged_an-giang_food_duong-thot-not_chunks.json
2026-04-07 21:56:35 [INFO    ] service.embedding — Encoding 1 documents...
2026-04-07 21:56:36 [INFO    ] ingestion.ingest_runner —  Ingest thành công 1 chunks từ merged_an-giang_food_banh-phong-phu-my_chunks.json
2026-04-07 21:56:36 [INFO    ] service.embedding — Encoding 1 documents...
2026-04-07 21:56:37 [INFO    ] ingestion.ingest_runner —  Ingest thành công 1 chunks từ merged_an-giang_food_goi-du-du-dam-tri-ton_chunks.json
2026-04-07 21:56:37 [INFO    ] service.embedding — Encoding 2 documents...
2026-04-07 21:56:39 [INFO    ] ingestion.ingest_runner —  Ingest thành công 2 chunks từ merged_an-giang_food_com-dep-an-giang_chunks.json
2026-04-07 21:56:39 [INFO    ] service.embedding — Encoding 3 documents...
2026-04-07 21:56:45 [INFO    ] ingestion.ingest_runner —  Ingest thành công 3 chunks từ merged_an-giang_food_banh-canh-vinh-trung_chunks.json
2026-04-07 21:56:45 [INFO    ] service.embedding — Encoding 3 documents...
2026-04-07 21:56:49 [INFO    ] ingestion.ingest_runner —  Ingest thành công 3 chunks từ merged_an-giang_food_lia-tan-chau_chunks.json
2026-04-07 21:56:49 [INFO    ] service.embedding — Encoding 1 documents...
2026-04-07 21:56:50 [INFO    ] ingestion.ingest_runner —  Ingest thành công 1 chunks từ merged_an-giang_food_kho-ca-tra_chunks.json
2026-04-07 21:56:50 [INFO    ] service.embedding — Encoding 1 documents...
2026-04-07 21:56:51 [INFO    ] ingestion.ingest_runner —  Ingest thành công 1 chunks từ merged_an-giang_food_xoi-phong-cho-moi_chunks.json
2026-04-07 21:56:51 [INFO    ] service.embedding — Encoding 2 documents...
2026-04-07 21:56:53 [INFO    ] ingestion.ingest_runner —  Ingest thành công 2 chunks từ merged_an-giang_food_tung-lo-mo_chunks.json
2026-04-07 21:56:53 [INFO    ] service.embedding — Encoding 2 documents...
2026-04-07 21:56:54 [INFO    ] ingestion.ingest_runner —  Ingest thành công 2 chunks từ merged_an-giang_food_mam-chau-doc_chunks.json
2026-04-07 21:56:54 [INFO    ] service.embedding — Encoding 1 documents...
2026-04-07 21:56:55 [INFO    ] ingestion.ingest_runner —  Ingest thành công 1 chunks từ merged_an-giang_food_heo-sua-quay_chunks.json
2026-04-07 21:56:55 [INFO    ] service.embedding — Encoding 1 documents...
2026-04-07 21:56:56 [INFO    ] ingestion.ingest_runner —  Ingest thành công 1 chunks từ merged_an-giang_food_tung-lo-mo-lap-xuong-bo-cham_chunks.json
2026-04-07 21:56:56 [INFO    ] service.embedding — Encoding 1 documents...
2026-04-07 21:56:57 [INFO    ] ingestion.ingest_runner —  Ingest thành công 1 chunks từ merged_an-giang_food_lap-xuong-bo_chunks.json
2026-04-07 21:56:57 [INFO    ] service.embedding — Encoding 1 documents...
2026-04-07 21:56:58 [INFO    ] ingestion.ingest_runner —  Ingest thành công 1 chunks từ merged_an-giang_food_lau-mam-chau-doc_chunks.json
2026-04-07 21:56:58 [INFO    ] service.embedding — Encoding 2 documents...
2026-04-07 21:57:01 [INFO    ] ingestion.ingest_runner —  Ingest thành công 2 chunks từ merged_an-giang_food_qua-truc-that-son_chunks.json
2026-04-07 21:57:01 [INFO    ] service.embedding — Encoding 1 documents...
2026-04-07 21:57:03 [INFO    ] ingestion.ingest_runner —  Ingest thành công 1 chunks từ merged_an-giang_food_chao-bo-tri-ton_chunks.json
2026-04-07 21:57:03 [INFO    ] service.embedding — Encoding 1 documents...
2026-04-07 21:57:04 [INFO    ] ingestion.ingest_runner —  Ingest thành công 1 chunks từ merged_an-giang_food_bun-ken_chunks.json
2026-04-07 21:57:04 [INFO    ] service.embedding — Encoding 1 documents...
2026-04-07 21:57:06 [INFO    ] ingestion.ingest_runner —  Ingest thành công 1 chunks từ merged_an-giang_food_chao-long-an-giang_chunks.json
2026-04-07 21:57:06 [INFO    ] service.embedding — Encoding 1 documents...
2026-04-07 21:57:07 [INFO    ] ingestion.ingest_runner —  Ingest thành công 1 chunks từ merged_an-giang_food_bo-leo-nui-tan-chau_chunks.json
2026-04-07 21:57:07 [INFO    ] service.embedding — Encoding 1 documents...
2026-04-07 21:57:09 [INFO    ] ingestion.ingest_runner —  Ingest thành công 1 chunks từ merged_an-giang_food_com-ga-bay-nui_chunks.json
2026-04-07 21:57:09 [INFO    ] service.embedding — Encoding 1 documents...
2026-04-07 21:57:12 [INFO    ] ingestion.ingest_runner —  Ingest thành công 1 chunks từ merged_an-giang_food_bun-ca-chau-doc_chunks.json
2026-04-07 21:57:12 [INFO    ] service.embedding — Encoding 1 documents...
2026-04-07 21:57:14 [INFO    ] ingestion.ingest_runner —  Ingest thành công 1 chunks từ merged_an-giang_food_ca-loc-nuong-trui_chunks.json
2026-04-07 21:57:14 [INFO    ] service.embedding — Encoding 1 documents...
2026-04-07 21:57:15 [INFO    ] ingestion.ingest_runner —  Ingest thành công 1 chunks từ merged_an-giang_food_banh-beo-ngot-nhan-dau-xanh-nuoc-cot-dua_chunks.json
2026-04-07 21:57:15 [INFO    ] service.embedding — Encoding 1 documents...
2026-04-07 21:57:15 [INFO    ] ingestion.ingest_runner —  Ingest thành công 1 chunks từ merged_an-giang_food_chuot-quay-lu_chunks.json
2026-04-07 21:57:15 [INFO    ] service.embedding — Encoding 1 documents...
2026-04-07 21:57:16 [INFO    ] ingestion.ingest_runner —  Ingest thành công 1 chunks từ merged_an-giang_food_bo-pha-lau_chunks.json
2026-04-07 21:57:16 [INFO    ] service.embedding — Encoding 1 documents...
2026-04-07 21:57:18 [INFO    ] ingestion.ingest_runner —  Ingest thành công 1 chunks từ merged_an-giang_food_ca-linh-kho-mia_chunks.json
2026-04-07 21:57:18 [INFO    ] service.embedding — Encoding 1 documents...
2026-04-07 21:57:18 [INFO    ] ingestion.ingest_runner —  Ingest thành công 1 chunks từ merged_an-giang_food_kho-ca-an-giang_chunks.json
2026-04-07 21:57:18 [INFO    ] service.embedding — Encoding 1 documents...
2026-04-07 21:57:19 [INFO    ] ingestion.ingest_runner —  Ingest thành công 1 chunks từ merged_an-giang_food_me-ngao-duong_chunks.json
2026-04-07 21:57:19 [INFO    ] service.embedding — Encoding 1 documents...
2026-04-07 21:57:19 [INFO    ] ingestion.ingest_runner —  Ingest thành công 1 chunks từ merged_an-giang_food_banh-com-dep_chunks.json
2026-04-07 21:57:19 [INFO    ] service.embedding — Encoding 1 documents...
2026-04-07 21:57:20 [INFO    ] ingestion.ingest_runner —  Ingest thành công 1 chunks từ merged_an-giang_food_lau-cua-dong_chunks.json
2026-04-07 21:57:20 [INFO    ] service.embedding — Encoding 3 documents...
2026-04-07 21:57:26 [INFO    ] ingestion.ingest_runner —  Ingest thành công 3 chunks từ merged_an-giang_itinerary_lich-trinh-du-lich-an-giang-2-ngay-1-dem-hap-dan_chunks.json
2026-04-07 21:57:26 [INFO    ] service.embedding — Encoding 3 documents...
2026-04-07 21:57:30 [INFO    ] ingestion.ingest_runner —  Ingest thành công 3 chunks từ merged_can-tho_destination_can-tho_chunks.json
2026-04-07 21:57:31 [INFO    ] service.embedding — Encoding 1 documents...
2026-04-07 21:57:32 [INFO    ] ingestion.ingest_runner —  Ingest thành công 1 chunks từ merged_can-tho_place_cho-dem-ninh-kieu_chunks.json
2026-04-07 21:57:32 [INFO    ] service.embedding — Encoding 2 documents...
2026-04-07 21:57:36 [INFO    ] ingestion.ingest_runner —  Ingest thành công 2 chunks từ merged_can-tho_place_nha-co-binh-thuy_chunks.json
2026-04-07 21:57:36 [INFO    ] service.embedding — Encoding 1 documents...
2026-04-07 21:57:37 [INFO    ] ingestion.ingest_runner —  Ingest thành công 1 chunks từ merged_can-tho_place_mini-beach_chunks.json
2026-04-07 21:57:37 [INFO    ] service.embedding — Encoding 1 documents...
2026-04-07 21:57:39 [INFO    ] ingestion.ingest_runner —  Ingest thành công 1 chunks từ merged_can-tho_place_den-tho-vua-hung_chunks.json
2026-04-07 21:57:39 [INFO    ] service.embedding — Encoding 2 documents...
2026-04-07 21:57:42 [INFO    ] ingestion.ingest_runner —  Ingest thành công 2 chunks từ merged_can-tho_place_kham-lon-can-tho_chunks.json
2026-04-07 21:57:42 [INFO    ] service.embedding — Encoding 1 documents...
2026-04-07 21:57:43 [INFO    ] ingestion.ingest_runner —  Ingest thành công 1 chunks từ merged_can-tho_place_the-kantho-coffee_chunks.json
2026-04-07 21:57:43 [INFO    ] service.embedding — Encoding 1 documents...
2026-04-07 21:57:44 [INFO    ] ingestion.ingest_runner —  Ingest thành công 1 chunks từ merged_can-tho_place_khu-nghi-duong-victoria-can-tho_chunks.json
2026-04-07 21:57:44 [INFO    ] service.embedding — Encoding 2 documents...
2026-04-07 21:57:46 [INFO    ] ingestion.ingest_runner —  Ingest thành công 2 chunks từ merged_can-tho_place_chua-ong_chunks.json
2026-04-07 21:57:46 [INFO    ] service.embedding — Encoding 1 documents...
2026-04-07 21:57:47 [INFO    ] ingestion.ingest_runner —  Ingest thành công 1 chunks từ merged_can-tho_place_lang-du-lich-my-khanh_chunks.json
2026-04-07 21:57:47 [INFO    ] service.embedding — Encoding 1 documents...
2026-04-07 21:57:48 [INFO    ] ingestion.ingest_runner —  Ingest thành công 1 chunks từ merged_can-tho_place_vuon-co-bang-lang_chunks.json
2026-04-07 21:57:48 [INFO    ] service.embedding — Encoding 1 documents...
2026-04-07 21:57:49 [INFO    ] ingestion.ingest_runner —  Ingest thành công 1 chunks từ merged_can-tho_place_quan-nuoc-hoa-yen_chunks.json
2026-04-07 21:57:49 [INFO    ] service.embedding — Encoding 2 documents...
2026-04-07 21:57:54 [INFO    ] ingestion.ingest_runner —  Ingest thành công 2 chunks từ merged_can-tho_place_chua-pitu-khosa-rangsay_chunks.json
2026-04-07 21:57:54 [INFO    ] service.embedding — Encoding 1 documents...
2026-04-07 21:57:56 [INFO    ] ingestion.ingest_runner —  Ingest thành công 1 chunks từ merged_can-tho_place_khu-nghi-duong-legacy-mekong-can-tho_chunks.json
2026-04-07 21:57:56 [INFO    ] service.embedding — Encoding 1 documents...
2026-04-07 21:57:57 [INFO    ] ingestion.ingest_runner —  Ingest thành công 1 chunks từ merged_can-tho_place_ca-nha-minh_chunks.json
2026-04-07 21:57:57 [INFO    ] service.embedding — Encoding 1 documents...
2026-04-07 21:57:59 [INFO    ] ingestion.ingest_runner —  Ingest thành công 1 chunks từ merged_can-tho_place_cau-can-tho_chunks.json
2026-04-07 21:57:59 [INFO    ] service.embedding — Encoding 1 documents...
2026-04-07 21:58:00 [INFO    ] ingestion.ingest_runner —  Ingest thành công 1 chunks từ merged_can-tho_place_cho-nau_chunks.json
2026-04-07 21:58:00 [INFO    ] service.embedding — Encoding 2 documents...
2026-04-07 21:58:04 [INFO    ] ingestion.ingest_runner —  Ingest thành công 2 chunks từ merged_can-tho_place_ben-ninh-kieu_chunks.json
2026-04-07 21:58:04 [INFO    ] service.embedding — Encoding 1 documents...
2026-04-07 21:58:06 [INFO    ] ingestion.ingest_runner —  Ingest thành công 1 chunks từ merged_can-tho_place_gian-gua_chunks.json
2026-04-07 21:58:06 [INFO    ] service.embedding — Encoding 1 documents...
2026-04-07 21:58:07 [INFO    ] ingestion.ingest_runner —  Ingest thành công 1 chunks từ merged_can-tho_place_chua-khmer-munir-ansay_chunks.json
2026-04-07 21:58:07 [INFO    ] service.embedding — Encoding 1 documents...
2026-04-07 21:58:09 [INFO    ] ingestion.ingest_runner —  Ingest thành công 1 chunks từ merged_can-tho_place_cu-lao-may_chunks.json
2026-04-07 21:58:09 [INFO    ] service.embedding — Encoding 1 documents...
2026-04-07 21:58:10 [INFO    ] ingestion.ingest_runner —  Ingest thành công 1 chunks từ merged_can-tho_place_vuon-ca-cao-muoi-cuong_chunks.json
2026-04-07 21:58:10 [INFO    ] service.embedding — Encoding 1 documents...
2026-04-07 21:58:11 [INFO    ] ingestion.ingest_runner —  Ingest thành công 1 chunks từ merged_can-tho_place_chua-munir-ansay_chunks.json
2026-04-07 21:58:11 [INFO    ] service.embedding — Encoding 5 documents...
2026-04-07 21:58:22 [INFO    ] ingestion.ingest_runner —  Ingest thành công 5 chunks từ merged_can-tho_food_banh-tet-la-cam_chunks.json
2026-04-07 21:58:22 [INFO    ] service.embedding — Encoding 1 documents...
2026-04-07 21:58:23 [INFO    ] ingestion.ingest_runner —  Ingest thành công 1 chunks từ merged_can-tho_food_can-nha-dat-vang_chunks.json
2026-04-07 21:58:23 [INFO    ] service.embedding — Encoding 2 documents...
2026-04-07 21:58:26 [INFO    ] ingestion.ingest_runner —  Ingest thành công 2 chunks từ merged_can-tho_food_banh-hoi-heo-quay-phong-dien_chunks.json
2026-04-07 21:58:26 [INFO    ] service.embedding — Encoding 1 documents...
2026-04-07 21:58:31 [INFO    ] ingestion.ingest_runner —  Ingest thành công 1 chunks từ merged_can-tho_food_bun-mam_chunks.json
2026-04-07 21:58:31 [INFO    ] service.embedding — Encoding 1 documents...
2026-04-07 21:58:32 [INFO    ] ingestion.ingest_runner —  Ingest thành công 1 chunks từ merged_can-tho_food_sui-cao_chunks.json
2026-04-07 21:58:32 [INFO    ] service.embedding — Encoding 1 documents...
2026-04-07 21:58:34 [INFO    ] ingestion.ingest_runner —  Ingest thành công 1 chunks từ merged_can-tho_food_vit-nau-chao_chunks.json
2026-04-07 21:58:34 [INFO    ] service.embedding — Encoding 1 documents...
2026-04-07 21:58:36 [INFO    ] ingestion.ingest_runner —  Ingest thành công 1 chunks từ merged_can-tho_food_ca-keo-nuong-ong-say_chunks.json
2026-04-07 21:58:36 [INFO    ] service.embedding — Encoding 3 documents...
2026-04-07 21:58:41 [INFO    ] ingestion.ingest_runner —  Ingest thành công 3 chunks từ merged_can-tho_food_nem-nuong-cai-rang_chunks.json
2026-04-07 21:58:41 [INFO    ] service.embedding — Encoding 1 documents...
2026-04-07 21:58:43 [INFO    ] ingestion.ingest_runner —  Ingest thành công 1 chunks từ merged_can-tho_food_lau-ban_chunks.json
2026-04-07 21:58:43 [INFO    ] service.embedding — Encoding 1 documents...
2026-04-07 21:58:45 [INFO    ] ingestion.ingest_runner —  Ingest thành công 1 chunks từ merged_can-tho_food_banh-xeo-cu-hu-dua_chunks.json
2026-04-07 21:58:45 [INFO    ] service.embedding — Encoding 2 documents...
2026-04-07 21:58:47 [INFO    ] ingestion.ingest_runner —  Ingest thành công 2 chunks từ merged_can-tho_food_banh-cong_chunks.json
2026-04-07 21:58:47 [INFO    ] service.embedding — Encoding 1 documents...
2026-04-07 21:58:49 [INFO    ] ingestion.ingest_runner —  Ingest thành công 1 chunks từ merged_can-tho_food_banh-duc-la-dua_chunks.json
2026-04-07 21:58:49 [INFO    ] service.embedding — Encoding 1 documents...
2026-04-07 21:58:50 [INFO    ] ingestion.ingest_runner —  Ingest thành công 1 chunks từ merged_can-tho_food_hem-51_chunks.json
2026-04-07 21:58:50 [INFO    ] service.embedding — Encoding 1 documents...
2026-04-07 21:58:52 [INFO    ] ingestion.ingest_runner —  Ingest thành công 1 chunks từ merged_can-tho_food_goi-cuon_chunks.json
2026-04-07 21:58:52 [INFO    ] service.embedding — Encoding 1 documents...
2026-04-07 21:58:54 [INFO    ] ingestion.ingest_runner —  Ingest thành công 1 chunks từ merged_can-tho_food_bun-rieu-tom-kho_chunks.json
2026-04-07 21:58:54 [INFO    ] service.embedding — Encoding 2 documents...
2026-04-07 21:58:58 [INFO    ] ingestion.ingest_runner —  Ingest thành công 2 chunks từ merged_can-tho_food_mon-an-truyen-thong-mien-tay-song-nuoc_chunks.json
2026-04-07 21:58:58 [INFO    ] service.embedding — Encoding 1 documents...
2026-04-07 21:59:00 [INFO    ] ingestion.ingest_runner —  Ingest thành công 1 chunks từ merged_can-tho_food_lau-ca-linh-bong-dien-dien_chunks.json
2026-04-07 21:59:00 [INFO    ] service.embedding — Encoding 1 documents...
2026-04-07 21:59:01 [INFO    ] ingestion.ingest_runner —  Ingest thành công 1 chunks từ merged_can-tho_food_lau-ban-phu-sa_chunks.json
2026-04-07 21:59:01 [INFO    ] service.embedding — Encoding 2 documents...
2026-04-07 21:59:03 [INFO    ] ingestion.ingest_runner —  Ingest thành công 2 chunks từ merged_can-tho_food_lau-mam_chunks.json
2026-04-07 21:59:03 [INFO    ] service.embedding — Encoding 1 documents...
2026-04-07 21:59:05 [INFO    ] ingestion.ingest_runner —  Ingest thành công 1 chunks từ merged_can-tho_food_ba-khia-rang-me-can-tho_chunks.json
2026-04-07 21:59:05 [INFO    ] service.embedding — Encoding 2 documents...
2026-04-07 21:59:08 [INFO    ] ingestion.ingest_runner —  Ingest thành công 2 chunks từ merged_can-tho_food_com-chay-kho-quet_chunks.json
2026-04-07 21:59:08 [INFO    ] service.embedding — Encoding 1 documents...
2026-04-07 21:59:09 [INFO    ] ingestion.ingest_runner —  Ingest thành công 1 chunks từ merged_can-tho_food_cacao-muoi-cuong_chunks.json
2026-04-07 21:59:09 [INFO    ] service.embedding — Encoding 1 documents...
2026-04-07 21:59:11 [INFO    ] ingestion.ingest_runner —  Ingest thành công 1 chunks từ merged_can-tho_food_can-nha-mau-tim_chunks.json
2026-04-07 21:59:11 [INFO    ] service.embedding — Encoding 1 documents...
2026-04-07 21:59:12 [INFO    ] ingestion.ingest_runner —  Ingest thành công 1 chunks từ merged_can-tho_food_banh-cong-can-tho_chunks.json
2026-04-07 21:59:12 [INFO    ] service.embedding — Encoding 1 documents...
2026-04-07 21:59:13 [INFO    ] ingestion.ingest_runner —  Ingest thành công 1 chunks từ merged_can-tho_food_banh-tam-bi_chunks.json
2026-04-07 21:59:13 [INFO    ] service.embedding — Encoding 1 documents...
2026-04-07 21:59:15 [INFO    ] ingestion.ingest_runner —  Ingest thành công 1 chunks từ merged_can-tho_food_goi-xoai-kho-ca-sac_chunks.json
2026-04-07 21:59:15 [INFO    ] service.embedding — Encoding 2 documents...
2026-04-07 21:59:16 [INFO    ] ingestion.ingest_runner —  Ingest thành công 2 chunks từ merged_can-tho_food_banh-xeo-can-tho_chunks.json
2026-04-07 21:59:16 [INFO    ] service.embedding — Encoding 3 documents...
2026-04-07 21:59:20 [INFO    ] ingestion.ingest_runner —  Ingest thành công 3 chunks từ merged_can-tho_food_lau-vit-nau-chao_chunks.json
2026-04-07 21:59:20 [INFO    ] service.embedding — Encoding 1 documents...
2026-04-07 21:59:20 [INFO    ] ingestion.ingest_runner —  Ingest thành công 1 chunks từ merged_can-tho_food_nem-cai-rang_chunks.json
2026-04-07 21:59:20 [INFO    ] service.embedding — Encoding 1 documents...
2026-04-07 21:59:21 [INFO    ] ingestion.ingest_runner —  Ingest thành công 1 chunks từ merged_can-tho_food_banh-trang-thuan-hung_chunks.json
2026-04-07 21:59:21 [INFO    ] service.embedding — Encoding 1 documents...
2026-04-07 21:59:23 [INFO    ] ingestion.ingest_runner —  Ingest thành công 1 chunks từ merged_can-tho_food_ruou-man-sau-tia_chunks.json
2026-04-07 21:59:23 [INFO    ] service.embedding — Encoding 2 documents...
2026-04-07 21:59:28 [INFO    ] ingestion.ingest_runner —  Ingest thành công 2 chunks từ merged_can-tho_food_hu-tieu-kho-can-tho_chunks.json
2026-04-07 21:59:28 [INFO    ] service.embedding — Encoding 1 documents...
2026-04-07 21:59:30 [INFO    ] ingestion.ingest_runner —  Ingest thành công 1 chunks từ merged_can-tho_food_oc-nuong-tieu-xanh_chunks.json
2026-04-07 21:59:30 [INFO    ] service.embedding — Encoding 1 documents...
2026-04-07 21:59:31 [INFO    ] ingestion.ingest_runner —  Ingest thành công 1 chunks từ merged_can-tho_food_banh-keo-dac-san-ba-rich_chunks.json
2026-04-07 21:59:31 [INFO    ] service.embedding — Encoding 2 documents...
2026-04-07 21:59:32 [INFO    ] ingestion.ingest_runner —  Ingest thành công 2 chunks từ merged_can-tho_food_ca-loc-nuong-trui_chunks.json
2026-04-07 21:59:32 [INFO    ] service.embedding — Encoding 1 documents...
2026-04-07 21:59:33 [INFO    ] ingestion.ingest_runner —  Ingest thành công 1 chunks từ merged_can-tho_food_kho-ca-loc-dong_chunks.json
2026-04-07 21:59:33 [INFO    ] service.embedding — Encoding 1 documents...
2026-04-07 21:59:34 [INFO    ] ingestion.ingest_runner —  Ingest thành công 1 chunks từ merged_can-tho_food_cha-ca-thac-lac_chunks.json
2026-04-07 21:59:34 [INFO    ] service.embedding — Encoding 1 documents...
2026-04-07 21:59:35 [INFO    ] ingestion.ingest_runner —  Ingest thành công 1 chunks từ merged_can-tho_food_ba-khia-muoi_chunks.json
2026-04-07 21:59:35 [INFO    ] service.embedding — Encoding 1 documents...
2026-04-07 21:59:36 [INFO    ] ingestion.ingest_runner —  Ingest thành công 1 chunks từ merged_can-tho_food_dau-ha-chau_chunks.json
2026-04-07 21:59:36 [INFO    ] service.embedding — Encoding 1 documents...
2026-04-07 21:59:37 [INFO    ] ingestion.ingest_runner —  Ingest thành công 1 chunks từ merged_can-tho_food_kho-ran_chunks.json
2026-04-07 21:59:37 [INFO    ] service.embedding — Encoding 1 documents...
2026-04-07 21:59:38 [INFO    ] ingestion.ingest_runner —  Ingest thành công 1 chunks từ merged_can-tho_food_banh-xeo_chunks.json
2026-04-07 21:59:38 [INFO    ] service.embedding — Encoding 1 documents...
2026-04-07 21:59:39 [INFO    ] ingestion.ingest_runner —  Ingest thành công 1 chunks từ merged_can-tho_food_vuon-trai-cay-chin-hong_chunks.json
2026-04-07 21:59:39 [INFO    ] service.embedding — Encoding 1 documents...
2026-04-07 21:59:40 [INFO    ] ingestion.ingest_runner —  Ingest thành công 1 chunks từ merged_can-tho_food_vuon-trai-cay-ba-cong_chunks.json
2026-04-07 21:59:40 [INFO    ] service.embedding — Encoding 1 documents...
2026-04-07 21:59:41 [INFO    ] ingestion.ingest_runner —  Ingest thành công 1 chunks từ merged_can-tho_food_kho-luon_chunks.json
2026-04-07 21:59:41 [INFO    ] service.embedding — Encoding 1 documents...
2026-04-07 21:59:43 [INFO    ] ingestion.ingest_runner —  Ingest thành công 1 chunks từ merged_can-tho_food_hu-tieu_chunks.json
2026-04-07 21:59:43 [INFO    ] service.embedding — Encoding 1 documents...
2026-04-07 21:59:45 [INFO    ] ingestion.ingest_runner —  Ingest thành công 1 chunks từ merged_can-tho_food_cho-noi-cai-rang_chunks.json
2026-04-07 21:59:45 [INFO    ] service.embedding — Encoding 1 documents...
2026-04-07 21:59:46 [INFO    ] ingestion.ingest_runner —  Ingest thành công 1 chunks từ merged_ca-mau_place_dao-hon-khoai_chunks.json
2026-04-07 21:59:46 [INFO    ] service.embedding — Encoding 1 documents...
2026-04-07 21:59:48 [INFO    ] ingestion.ingest_runner —  Ingest thành công 1 chunks từ merged_ca-mau_place_mui-ca-mau_chunks.json
2026-04-07 21:59:48 [INFO    ] service.embedding — Encoding 1 documents...
2026-04-07 21:59:49 [INFO    ] ingestion.ingest_runner —  Ingest thành công 1 chunks từ merged_ca-mau_place_dam-doi_chunks.json
2026-04-07 21:59:49 [INFO    ] service.embedding — Encoding 2 documents...
2026-04-07 21:59:52 [INFO    ] ingestion.ingest_runner —  Ingest thành công 2 chunks từ merged_ca-mau_place_dam-thi-tuong_chunks.json
2026-04-07 21:59:52 [INFO    ] service.embedding — Encoding 1 documents...
2026-04-07 21:59:54 [INFO    ] ingestion.ingest_runner —  Ingest thành công 1 chunks từ merged_ca-mau_place_hon-da-bac_chunks.json
2026-04-07 21:59:54 [INFO    ] service.embedding — Encoding 1 documents...
2026-04-07 21:59:56 [INFO    ] ingestion.ingest_runner —  Ingest thành công 1 chunks từ merged_ca-mau_place_rung-ngap-man-ca-mau_chunks.json
2026-04-07 21:59:56 [INFO    ] service.embedding — Encoding 1 documents...
2026-04-07 21:59:58 [INFO    ] ingestion.ingest_runner —  Ingest thành công 1 chunks từ merged_ca-mau_place_bien-khai-long_chunks.json
2026-04-07 21:59:58 [INFO    ] service.embedding — Encoding 2 documents...
2026-04-07 22:00:00 [INFO    ] ingestion.ingest_runner —  Ingest thành công 2 chunks từ merged_ca-mau_place_rung-duoc-nam-can_chunks.json
2026-04-07 22:00:00 [INFO    ] service.embedding — Encoding 1 documents...
2026-04-07 22:00:01 [INFO    ] ingestion.ingest_runner —  Ingest thành công 1 chunks từ merged_ca-mau_place_rung-u-minh_chunks.json
2026-04-07 22:00:01 [INFO    ] service.embedding — Encoding 2 documents...
2026-04-07 22:00:04 [INFO    ] ingestion.ingest_runner —  Ingest thành công 2 chunks từ merged_ca-mau_place_cho-noi-ca-mau_chunks.json
2026-04-07 22:00:04 [INFO    ] service.embedding — Encoding 1 documents...
2026-04-07 22:00:06 [INFO    ] ingestion.ingest_runner —  Ingest thành công 1 chunks từ merged_ca-mau_place_rung-quoc-gia-u-minh-ha_chunks.json
2026-04-07 22:00:06 [INFO    ] service.embedding — Encoding 1 documents...
2026-04-07 22:00:08 [INFO    ] ingestion.ingest_runner —  Ingest thành công 1 chunks từ merged_ca-mau_place_vuon-quoc-gia-mui-ca-mau_chunks.json
2026-04-07 22:00:08 [INFO    ] service.embedding — Encoding 1 documents...
2026-04-07 22:00:09 [INFO    ] ingestion.ingest_runner —  Ingest thành công 1 chunks từ merged_ca-mau_place_den-tho-lac-long-quan-va-tuong-me-au-co_chunks.json
2026-04-07 22:00:09 [INFO    ] service.embedding — Encoding 1 documents...
2026-04-07 22:00:10 [INFO    ] ingestion.ingest_runner —  Ingest thành công 1 chunks từ merged_ca-mau_place_khu-tuong-niem-chu-tich-ho-chi-minh_chunks.json
2026-04-07 22:00:10 [INFO    ] service.embedding — Encoding 1 documents...
2026-04-07 22:00:10 [INFO    ] ingestion.ingest_runner —  Ingest thành công 1 chunks từ merged_ca-mau_place_thap-quan-sat_chunks.json
2026-04-07 22:00:10 [INFO    ] service.embedding — Encoding 1 documents...
2026-04-07 22:00:12 [INFO    ] ingestion.ingest_runner —  Ingest thành công 1 chunks từ merged_ca-mau_place_bai-bien-khai-long_chunks.json
2026-04-07 22:00:12 [INFO    ] service.embedding — Encoding 1 documents...
2026-04-07 22:00:13 [INFO    ] ingestion.ingest_runner —  Ingest thành công 1 chunks từ merged_ca-mau_place_ngon-hai-dang_chunks.json
2026-04-07 22:00:13 [INFO    ] service.embedding — Encoding 1 documents...
2026-04-07 22:00:14 [INFO    ] ingestion.ingest_runner —  Ingest thành công 1 chunks từ merged_ca-mau_place_cot-co-ha-noi-tai-mui-ca-mau_chunks.json
2026-04-07 22:00:14 [INFO    ] service.embedding — Encoding 1 documents...
2026-04-07 22:00:15 [INFO    ] ingestion.ingest_runner —  Ingest thành công 1 chunks từ merged_ca-mau_place_bieu-tuong-mui-ca-mau-con-tau-vuon-ra-bien_chunks.json
2026-04-07 22:00:15 [INFO    ] service.embedding — Encoding 1 documents...
2026-04-07 22:00:16 [INFO    ] ingestion.ingest_runner —  Ingest thành công 1 chunks từ merged_ca-mau_place_cot-moc-toa-do-quoc-gia-gps-0001_chunks.json
2026-04-07 22:00:16 [INFO    ] service.embedding — Encoding 1 documents...
2026-04-07 22:00:17 [INFO    ] ingestion.ingest_runner —  Ingest thành công 1 chunks từ merged_ca-mau_place_nha-day-thep-ca-mau_chunks.json
2026-04-07 22:00:17 [INFO    ] service.embedding — Encoding 1 documents...
2026-04-07 22:00:19 [INFO    ] ingestion.ingest_runner —  Ingest thành công 1 chunks từ merged_ca-mau_place_ben-vam-lung_chunks.json
2026-04-07 22:00:19 [INFO    ] service.embedding — Encoding 1 documents...
2026-04-07 22:00:21 [INFO    ] ingestion.ingest_runner —  Ingest thành công 1 chunks từ merged_ca-mau_place_khu-du-lich-khai-long_chunks.json
2026-04-07 22:00:21 [INFO    ] service.embedding — Encoding 1 documents...
2026-04-07 22:00:22 [INFO    ] ingestion.ingest_runner —  Ingest thành công 1 chunks từ merged_ca-mau_place_nha-tho-tac-say_chunks.json
2026-04-07 22:00:22 [INFO    ] service.embedding — Encoding 1 documents...
2026-04-07 22:00:23 [INFO    ] ingestion.ingest_runner —  Ingest thành công 1 chunks từ merged_ca-mau_place_can-cu-tinh-uy-xeo-duoc_chunks.json
2026-04-07 22:00:23 [INFO    ] service.embedding — Encoding 1 documents...
2026-04-07 22:00:24 [INFO    ] ingestion.ingest_runner —  Ingest thành công 1 chunks từ merged_ca-mau_place_chua-monivongsa-bopharam_chunks.json
2026-04-07 22:00:24 [INFO    ] service.embedding — Encoding 1 documents...
2026-04-07 22:00:27 [INFO    ] ingestion.ingest_runner —  Ingest thành công 1 chunks từ merged_ca-mau_place_khu-du-lich-sinh-thai-ca-mau-eco_chunks.json
2026-04-07 22:00:27 [INFO    ] service.embedding — Encoding 2 documents...
2026-04-07 22:00:31 [INFO    ] ingestion.ingest_runner —  Ingest thành công 2 chunks từ merged_ca-mau_food_lau-mam-u-minh_chunks.json
2026-04-07 22:00:31 [INFO    ] service.embedding — Encoding 1 documents...
2026-04-07 22:00:32 [INFO    ] ingestion.ingest_runner —  Ingest thành công 1 chunks từ merged_ca-mau_food_mam-ca-loc_chunks.json
2026-04-07 22:00:32 [INFO    ] service.embedding — Encoding 2 documents...
2026-04-07 22:00:34 [INFO    ] ingestion.ingest_runner —  Ingest thành công 2 chunks từ merged_ca-mau_food_cua-ca-mau_chunks.json
2026-04-07 22:00:34 [INFO    ] service.embedding — Encoding 1 documents...
2026-04-07 22:00:36 [INFO    ] ingestion.ingest_runner —  Ingest thành công 1 chunks từ merged_ca-mau_food_mam-tep-ca-mau_chunks.json
2026-04-07 22:00:36 [INFO    ] service.embedding — Encoding 1 documents...
2026-04-07 22:00:38 [INFO    ] ingestion.ingest_runner —  Ingest thành công 1 chunks từ merged_ca-mau_food_tom-kho-rach-goc_chunks.json
2026-04-07 22:00:38 [INFO    ] service.embedding — Encoding 1 documents...
2026-04-07 22:00:39 [INFO    ] ingestion.ingest_runner —  Ingest thành công 1 chunks từ merged_ca-mau_food_lau-ca-khoai_chunks.json
2026-04-07 22:00:39 [INFO    ] service.embedding — Encoding 1 documents...
2026-04-07 22:00:40 [INFO    ] ingestion.ingest_runner —  Ingest thành công 1 chunks từ merged_ca-mau_food_banh-phong-tom_chunks.json
2026-04-07 22:00:40 [INFO    ] service.embedding — Encoding 1 documents...
2026-04-07 22:00:41 [INFO    ] ingestion.ingest_runner —  Ingest thành công 1 chunks từ merged_ca-mau_food_banh-tam-ga-cay_chunks.json
2026-04-07 22:00:41 [INFO    ] service.embedding — Encoding 1 documents...
2026-04-07 22:00:42 [INFO    ] ingestion.ingest_runner —  Ingest thành công 1 chunks từ merged_ca-mau_food_mam-ba-khia-rach-goc_chunks.json
2026-04-07 22:00:42 [INFO    ] service.embedding — Encoding 1 documents...
2026-04-07 22:00:43 [INFO    ] ingestion.ingest_runner —  Ingest thành công 1 chunks từ merged_ca-mau_food_oc-len-xao-dua_chunks.json
2026-04-07 22:00:43 [INFO    ] service.embedding — Encoding 1 documents...
2026-04-07 22:00:44 [INFO    ] ingestion.ingest_runner —  Ingest thành công 1 chunks từ merged_ca-mau_food_ca-thoi-loi-nuong-muoi-ot_chunks.json
2026-04-07 22:00:44 [INFO    ] service.embedding — Encoding 1 documents...
2026-04-07 22:00:46 [INFO    ] ingestion.ingest_runner —  Ingest thành công 1 chunks từ merged_soc-trang_destination_soc-trang_chunks.json
2026-04-07 22:00:46 [INFO    ] service.embedding — Encoding 1 documents...
2026-04-07 22:00:48 [INFO    ] ingestion.ingest_runner —  Ingest thành công 1 chunks từ merged_soc-trang_itinerary_di-lai-o-soc-trang_chunks.json
2026-04-07 22:00:48 [INFO    ] service.embedding — Encoding 1 documents...
2026-04-07 22:00:49 [INFO    ] ingestion.ingest_runner —  Ingest thành công 1 chunks từ merged_soc-trang_place_cu-lao-dung_chunks.json
2026-04-07 22:00:49 [INFO    ] service.embedding — Encoding 1 documents...
2026-04-07 22:00:51 [INFO    ] ingestion.ingest_runner —  Ingest thành công 1 chunks từ merged_soc-trang_place_cho-noi-nga-nam_chunks.json
2026-04-07 22:00:51 [INFO    ] service.embedding — Encoding 1 documents...
2026-04-07 22:00:52 [INFO    ] ingestion.ingest_runner —  Ingest thành công 1 chunks từ merged_soc-trang_place_chua-doi_chunks.json
2026-04-07 22:00:52 [INFO    ] service.embedding — Encoding 1 documents...
2026-04-07 22:00:54 [INFO    ] ingestion.ingest_runner —  Ingest thành công 1 chunks từ merged_soc-trang_place_chua-bon-mat_chunks.json
2026-04-07 22:00:54 [INFO    ] service.embedding — Encoding 1 documents...
2026-04-07 22:00:57 [INFO    ] ingestion.ingest_runner —  Ingest thành công 1 chunks từ merged_soc-trang_place_chua-dat-set_chunks.json
2026-04-07 22:00:57 [INFO    ] service.embedding — Encoding 1 documents...
2026-04-07 22:00:58 [INFO    ] ingestion.ingest_runner —  Ingest thành công 1 chunks từ merged_soc-trang_place_thien-vien-truc-lam_chunks.json
2026-04-07 22:00:59 [INFO    ] service.embedding — Encoding 1 documents...
2026-04-07 22:01:00 [INFO    ] ingestion.ingest_runner —  Ingest thành công 1 chunks từ merged_soc-trang_place_chua-som-rong_chunks.json
2026-04-07 22:01:00 [INFO    ] service.embedding — Encoding 1 documents...
2026-04-07 22:01:02 [INFO    ] ingestion.ingest_runner —  Ingest thành công 1 chunks từ merged_soc-trang_food_vu-sua-tim-dai-tam_chunks.json
2026-04-07 22:01:02 [INFO    ] service.embedding — Encoding 1 documents...
2026-04-07 22:01:04 [INFO    ] ingestion.ingest_runner —  Ingest thành công 1 chunks từ merged_soc-trang_food_dac-san-dan-da_chunks.json
2026-04-07 22:01:04 [INFO    ] service.embedding — Encoding 2 documents...
2026-04-07 22:01:11 [INFO    ] ingestion.ingest_runner —  Ingest thành công 2 chunks từ merged_soc-trang_food_bun-goi-da_chunks.json
2026-04-07 22:01:11 [INFO    ] service.embedding — Encoding 2 documents...
2026-04-07 22:01:15 [INFO    ] ingestion.ingest_runner —  Ingest thành công 2 chunks từ merged_soc-trang_food_banh-pia_chunks.json
2026-04-07 22:01:15 [INFO    ] service.embedding — Encoding 1 documents...
2026-04-07 22:01:17 [INFO    ] ingestion.ingest_runner —  Ingest thành công 1 chunks từ merged_soc-trang_food_banh-phong-tom_chunks.json
2026-04-07 22:01:17 [INFO    ] service.embedding — Encoding 1 documents...
2026-04-07 22:01:19 [INFO    ] ingestion.ingest_runner —  Ingest thành công 1 chunks từ merged_soc-trang_food_com-dep_chunks.json
2026-04-07 22:01:19 [INFO    ] service.embedding — Encoding 2 documents...
2026-04-07 22:01:25 [INFO    ] ingestion.ingest_runner —  Ingest thành công 2 chunks từ merged_soc-trang_food_banh-cong_chunks.json
2026-04-07 22:01:25 [INFO    ] service.embedding — Encoding 1 documents...
2026-04-07 22:01:26 [INFO    ] ingestion.ingest_runner —  Ingest thành công 1 chunks từ merged_soc-trang_food_me-lao_chunks.json
2026-04-07 22:01:26 [INFO    ] service.embedding — Encoding 1 documents...
2026-04-07 22:01:27 [INFO    ] ingestion.ingest_runner —  Ingest thành công 1 chunks từ merged_soc-trang_food_banh-u-man_chunks.json
2026-04-07 22:01:27 [INFO    ] service.embedding — Encoding 1 documents...
2026-04-07 22:01:29 [INFO    ] ingestion.ingest_runner —  Ingest thành công 1 chunks từ merged_soc-trang_food_ca-bong-sao_chunks.json
2026-04-07 22:01:29 [INFO    ] service.embedding — Encoding 1 documents...
2026-04-07 22:01:30 [INFO    ] ingestion.ingest_runner —  Ingest thành công 1 chunks từ merged_soc-trang_food_xa-bau_chunks.json
2026-04-07 22:01:30 [INFO    ] service.embedding — Encoding 1 documents...
2026-04-07 22:01:31 [INFO    ] ingestion.ingest_runner —  Ingest thành công 1 chunks từ merged_soc-trang_food_be-thui-soc-trang_chunks.json
2026-04-07 22:01:31 [INFO    ] service.embedding — Encoding 1 documents...
2026-04-07 22:01:32 [INFO    ] ingestion.ingest_runner —  Ingest thành công 1 chunks từ merged_soc-trang_food_banh-ong_chunks.json
2026-04-07 22:01:32 [INFO    ] service.embedding — Encoding 1 documents...
2026-04-07 22:01:35 [INFO    ] ingestion.ingest_runner —  Ingest thành công 1 chunks từ merged_soc-trang_food_bun-nuoc-leo_chunks.json
2026-04-07 22:01:35 [INFO    ] service.embedding — Encoding 1 documents...
2026-04-07 22:01:37 [INFO    ] ingestion.ingest_runner —  Ingest thành công 1 chunks từ merged_soc-trang_food_banh-xeo-tom-thit_chunks.json
2026-04-07 22:01:37 [INFO    ] service.embedding — Encoding 1 documents...
2026-04-07 22:01:38 [INFO    ] ingestion.ingest_runner —  Ingest thành công 1 chunks từ merged_soc-trang_food_chao-ca-loc-rau-dang_chunks.json
2026-04-07 22:01:38 [INFO    ] service.embedding — Encoding 1 documents...
2026-04-07 22:01:40 [INFO    ] ingestion.ingest_runner —  Ingest thành công 1 chunks từ merged_phu-quoc_place_bac-phu-quoc_chunks.json
2026-04-07 22:01:40 [INFO    ] service.embedding — Encoding 2 documents...
2026-04-07 22:01:43 [INFO    ] ingestion.ingest_runner —  Ingest thành công 2 chunks từ merged_phu-quoc_place_nam-phu-quoc_chunks.json
2026-04-07 22:01:43 [INFO    ] service.embedding — Encoding 1 documents...
2026-04-07 22:01:44 [INFO    ] ingestion.ingest_runner —  Ingest thành công 1 chunks từ merged_phu-quoc_place_vinwonders_chunks.json
2026-04-07 22:01:44 [INFO    ] service.embedding — Encoding 1 documents...
2026-04-07 22:01:46 [INFO    ] ingestion.ingest_runner —  Ingest thành công 1 chunks từ merged_phu-quoc_place_jw-marriott-phu-quoc-emerald-bay_chunks.json
2026-04-07 22:01:46 [INFO    ] service.embedding — Encoding 2 documents...
2026-04-07 22:01:48 [INFO    ] ingestion.ingest_runner —  Ingest thành công 2 chunks từ merged_phu-quoc_place_san-bay-phu-quoc_chunks.json
2026-04-07 22:01:48 [INFO    ] service.embedding — Encoding 2 documents...
2026-04-07 22:01:51 [INFO    ] ingestion.ingest_runner —  Ingest thành công 2 chunks từ merged_phu-quoc_place_bai-sao_chunks.json
2026-04-07 22:01:51 [INFO    ] service.embedding — Encoding 1 documents...
2026-04-07 22:01:52 [INFO    ] ingestion.ingest_runner —  Ingest thành công 1 chunks từ merged_phu-quoc_place_san-bay-quoc-te-phu-quoc_chunks.json
2026-04-07 22:01:52 [INFO    ] service.embedding — Encoding 1 documents...
2026-04-07 22:01:54 [INFO    ] ingestion.ingest_runner —  Ingest thành công 1 chunks từ merged_phu-quoc_place_cang-hang-khong-quoc-te-phu-quoc_chunks.json
2026-04-07 22:01:54 [INFO    ] service.embedding — Encoding 2 documents...
2026-04-07 22:01:58 [INFO    ] ingestion.ingest_runner —  Ingest thành công 2 chunks từ merged_phu-quoc_place_bai-khem_chunks.json
2026-04-07 22:01:58 [INFO    ] service.embedding — Encoding 1 documents...
2026-04-07 22:02:00 [INFO    ] ingestion.ingest_runner —  Ingest thành công 1 chunks từ merged_phu-quoc_place_quan-dao-an-thoi_chunks.json
2026-04-07 22:02:00 [INFO    ] service.embedding — Encoding 1 documents...
2026-04-07 22:02:01 [INFO    ] ingestion.ingest_runner —  Ingest thành công 1 chunks từ merged_phu-quoc_place_nha-tu-phu-quoc_chunks.json
2026-04-07 22:02:01 [INFO    ] service.embedding — Encoding 1 documents...
2026-04-07 22:02:03 [INFO    ] ingestion.ingest_runner —  Ingest thành công 1 chunks từ merged_phu-quoc_place_dao-nam-du_chunks.json
2026-04-07 22:02:03 [INFO    ] service.embedding — Encoding 1 documents...
2026-04-07 22:02:07 [INFO    ] ingestion.ingest_runner —  Ingest thành công 1 chunks từ merged_phu-quoc_place_chua-ho-quoc_chunks.json
2026-04-07 22:02:07 [INFO    ] service.embedding — Encoding 1 documents...
2026-04-07 22:02:09 [INFO    ] ingestion.ingest_runner —  Ingest thành công 1 chunks từ merged_phu-quoc_place_an-thoi_chunks.json
2026-04-07 22:02:09 [INFO    ] service.embedding — Encoding 1 documents...
2026-04-07 22:02:10 [INFO    ] ingestion.ingest_runner —  Ingest thành công 1 chunks từ merged_phu-quoc_place_sieu-thi-dac-san-phu-quoc_chunks.json
2026-04-07 22:02:10 [INFO    ] service.embedding — Encoding 1 documents...
2026-04-07 22:02:12 [INFO    ] ingestion.ingest_runner —  Ingest thành công 1 chunks từ merged_phu-quoc_place_kingkong-mart_chunks.json
2026-04-07 22:02:12 [INFO    ] service.embedding — Encoding 1 documents...
2026-04-07 22:02:12 [INFO    ] ingestion.ingest_runner —  Ingest thành công 1 chunks từ merged_phu-quoc_place_long-beach-center_chunks.json
2026-04-07 22:02:12 [INFO    ] service.embedding — Encoding 1 documents...
2026-04-07 22:02:14 [INFO    ] ingestion.ingest_runner —  Ingest thành công 1 chunks từ merged_phu-quoc_place_quan-viet-phu-quoc_chunks.json
2026-04-07 22:02:14 [INFO    ] service.embedding — Encoding 1 documents...
2026-04-07 22:02:18 [INFO    ] ingestion.ingest_runner —  Ingest thành công 1 chunks từ merged_phu-quoc_place_phu-quoc_chunks.json
2026-04-07 22:02:18 [INFO    ] service.embedding — Encoding 1 documents...
2026-04-07 22:02:20 [INFO    ] ingestion.ingest_runner —  Ingest thành công 1 chunks từ merged_phu-quoc_place_hon-thom_chunks.json
2026-04-07 22:02:20 [INFO    ] service.embedding — Encoding 1 documents...
2026-04-07 22:02:24 [INFO    ] ingestion.ingest_runner —  Ingest thành công 1 chunks từ merged_phu-quoc_place_dao-may-rut_chunks.json
2026-04-07 22:02:24 [INFO    ] service.embedding — Encoding 1 documents...
2026-04-07 22:02:27 [INFO    ] ingestion.ingest_runner —  Ingest thành công 1 chunks từ merged_phu-quoc_place_hon-gam-ghi_chunks.json
2026-04-07 22:02:27 [INFO    ] service.embedding — Encoding 1 documents...
2026-04-07 22:02:29 [INFO    ] ingestion.ingest_runner —  Ingest thành công 1 chunks từ merged_phu-quoc_place_dao-mong-tay_chunks.json
2026-04-07 22:02:29 [INFO    ] service.embedding — Encoding 1 documents...
2026-04-07 22:02:32 [INFO    ] ingestion.ingest_runner —  Ingest thành công 1 chunks từ merged_phu-quoc_place_dao-thom_chunks.json
2026-04-07 22:02:32 [INFO    ] service.embedding — Encoding 3 documents...
2026-04-07 22:02:40 [INFO    ] ingestion.ingest_runner —  Ingest thành công 3 chunks từ merged_phu-quoc_place_dao-rua_chunks.json
2026-04-07 22:02:40 [INFO    ] service.embedding — Encoding 2 documents...
2026-04-07 22:02:43 [INFO    ] ingestion.ingest_runner —  Ingest thành công 2 chunks từ merged_phu-quoc_itinerary_nhung-loi-khuyen-thiet-thuc-danh-cho-nguoi-moi-lan-bien-lan-dau_chunks.json
2026-04-07 22:02:43 [INFO    ] service.embedding — Encoding 1 documents...
2026-04-07 22:02:44 [INFO    ] ingestion.ingest_runner —  Ingest thành công 1 chunks từ merged_phu-quoc_itinerary_tu-da-nang-den-phu-quoc_chunks.json
2026-04-07 22:02:44 [INFO    ] service.embedding — Encoding 1 documents...
2026-04-07 22:02:45 [INFO    ] ingestion.ingest_runner —  Ingest thành công 1 chunks từ merged_phu-quoc_food_bun-quay-kien-xay_chunks.json
2026-04-07 22:02:45 [INFO    ] service.embedding — Encoding 2 documents...
2026-04-07 22:02:50 [INFO    ] ingestion.ingest_runner —  Ingest thành công 2 chunks từ merged_phu-quoc_food_goi-ca-trich_chunks.json
2026-04-07 22:02:50 [INFO    ] service.embedding — Encoding 1 documents...
2026-04-07 22:02:51 [INFO    ] ingestion.ingest_runner —  Ingest thành công 1 chunks từ merged_phu-quoc_food_tieu-phu-quoc_chunks.json
2026-04-07 22:02:51 [INFO    ] service.embedding — Encoding 1 documents...
2026-04-07 22:02:52 [INFO    ] ingestion.ingest_runner —  Ingest thành công 1 chunks từ merged_phu-quoc_food_hu-tieu-muc_chunks.json
2026-04-07 22:02:52 [INFO    ] service.embedding — Encoding 1 documents...
2026-04-07 22:02:55 [INFO    ] ingestion.ingest_runner —  Ingest thành công 1 chunks từ merged_phu-quoc_food_bun-ken-phu-quoc_chunks.json
2026-04-07 22:02:55 [INFO    ] service.embedding — Encoding 1 documents...
2026-04-07 22:02:56 [INFO    ] ingestion.ingest_runner —  Ingest thành công 1 chunks từ merged_phu-quoc_food_ruou-sim_chunks.json
2026-04-07 22:02:56 [INFO    ] service.embedding — Encoding 1 documents...
2026-04-07 22:02:58 [INFO    ] ingestion.ingest_runner —  Ingest thành công 1 chunks từ merged_phu-quoc_food_cho-duong-dong_chunks.json
2026-04-07 22:02:58 [INFO    ] service.embedding — Encoding 1 documents...
2026-04-07 22:03:01 [INFO    ] ingestion.ingest_runner —  Ingest thành công 1 chunks từ merged_phu-quoc_food_ghe-ham-ninh_chunks.json
2026-04-07 22:03:01 [INFO    ] service.embedding — Encoding 1 documents...
2026-04-07 22:03:02 [INFO    ] ingestion.ingest_runner —  Ingest thành công 1 chunks từ merged_phu-quoc_food_banh-kheo_chunks.json
2026-04-07 22:03:02 [INFO    ] service.embedding — Encoding 1 documents...
2026-04-07 22:03:06 [INFO    ] ingestion.ingest_runner —  Ingest thành công 1 chunks từ merged_phu-quoc_food_nhum-bien_chunks.json
2026-04-07 22:03:06 [INFO    ] service.embedding — Encoding 2 documents...
2026-04-07 22:03:10 [INFO    ] ingestion.ingest_runner —  Ingest thành công 2 chunks từ merged_phu-quoc_food_nuoc-mam-phu-quoc_chunks.json
2026-04-07 22:03:10 [INFO    ] service.embedding — Encoding 1 documents...
2026-04-07 22:03:12 [INFO    ] ingestion.ingest_runner —  Ingest thành công 1 chunks từ merged_phu-quoc_food_nha-ghe-phu-quoc-crab-house_chunks.json
2026-04-07 22:03:12 [INFO    ] service.embedding — Encoding 1 documents...
2026-04-07 22:03:15 [INFO    ] ingestion.ingest_runner —  Ingest thành công 1 chunks từ merged_phu-quoc_food_nha-be-ha-quyen_chunks.json
2026-04-07 22:03:15 [INFO    ] service.embedding — Encoding 1 documents...
2026-04-07 22:03:17 [INFO    ] ingestion.ingest_runner —  Ingest thành công 1 chunks từ merged_phu-quoc_food_nha-hang-xin-chao_chunks.json
2026-04-07 22:03:17 [INFO    ] service.embedding — Encoding 1 documents...
2026-04-07 22:03:19 [INFO    ] ingestion.ingest_runner —  Ingest thành công 1 chunks từ merged_phu-quoc_food_nha-hang-bien-xanh_chunks.json
2026-04-07 22:03:19 [INFO    ] service.embedding — Encoding 1 documents...
2026-04-07 22:03:20 [INFO    ] ingestion.ingest_runner —  Ingest thành công 1 chunks từ merged_phu-quoc_food_hanh-nhung-luxury_chunks.json
2026-04-07 22:03:20 [INFO    ] service.embedding — Encoding 1 documents...
2026-04-07 22:03:22 [INFO    ] ingestion.ingest_runner —  Ingest thành công 1 chunks từ merged_phu-quoc_food_thuan-kieu-2_chunks.json
2026-04-07 22:03:22 [INFO    ] service.embedding — Encoding 1 documents...
2026-04-07 22:03:24 [INFO    ] ingestion.ingest_runner —  Ingest thành công 1 chunks từ merged_phu-quoc_food_be-ghe-floating-restaurant_chunks.json
2026-04-07 22:03:24 [INFO    ] service.embedding — Encoding 1 documents...
2026-04-07 22:03:25 [INFO    ] ingestion.ingest_runner —  Ingest thành công 1 chunks từ merged_phu-quoc_food_bup-restaurant_chunks.json
2026-04-07 22:03:26 [INFO    ] service.embedding — Encoding 1 documents...
2026-04-07 22:03:28 [INFO    ] ingestion.ingest_runner —  Ingest thành công 1 chunks từ merged_phu-quoc_food_ham-ninh-quan_chunks.json
2026-04-07 22:03:28 [INFO    ] service.embedding — Encoding 1 documents...
2026-04-07 22:03:30 [INFO    ] ingestion.ingest_runner —  Ingest thành công 1 chunks từ merged_phu-quoc_food_nha-hang-the-gioi-hai-san-ham-ninh_chunks.json
2026-04-07 22:03:30 [INFO    ] service.embedding — Encoding 1 documents...
2026-04-07 22:03:32 [INFO    ] ingestion.ingest_runner —  Ingest thành công 1 chunks từ merged_phu-quoc_food_nha-hang-hai-san-phuong-hoang_chunks.json
2026-04-07 22:03:32 [INFO    ] service.embedding — Encoding 6 documents...
2026-04-07 22:03:43 [INFO    ] ingestion.ingest_runner —  Ingest thành công 6 chunks từ merged_phu-quoc_destination_phu-quoc_chunks.json
2026-04-07 22:03:43 [INFO    ] service.embedding — Encoding 1 documents...
2026-04-07 22:03:46 [INFO    ] ingestion.ingest_runner —  Ingest thành công 1 chunks từ merged_vinh-ha-long_destination_vinh-ha-long_chunks.json
2026-04-07 22:03:46 [INFO    ] service.embedding — Encoding 1 documents...
2026-04-07 22:03:49 [INFO    ] ingestion.ingest_runner —  Ingest thành công 1 chunks từ merged_vinh-ha-long_destination_ha-long_chunks.json
2026-04-07 22:03:49 [INFO    ] service.embedding — Encoding 1 documents...
2026-04-07 22:03:50 [INFO    ] ingestion.ingest_runner —  Ingest thành công 1 chunks từ merged_vinh-ha-long_place_bao-tang-quang-ninh_chunks.json
2026-04-07 22:03:50 [INFO    ] service.embedding — Encoding 2 documents...
2026-04-07 22:03:53 [INFO    ] ingestion.ingest_runner —  Ingest thành công 2 chunks từ merged_vinh-ha-long_place_vinh-ha-long_chunks.json
2026-04-07 22:03:53 [INFO    ] service.embedding — Encoding 1 documents...
2026-04-07 22:03:54 [INFO    ] ingestion.ingest_runner —  Ingest thành công 1 chunks từ merged_vinh-ha-long_place_bai-chay_chunks.json
2026-04-07 22:03:54 [INFO    ] service.embedding — Encoding 1 documents...
2026-04-07 22:03:56 [INFO    ] ingestion.ingest_runner —  Ingest thành công 1 chunks từ merged_vinh-ha-long_place_khu-vui-choi-giai-tri-sun-world-ha-long-park_chunks.json
2026-04-07 22:03:56 [INFO    ] service.embedding — Encoding 1 documents...
2026-04-07 22:03:57 [INFO    ] ingestion.ingest_runner —  Ingest thành công 1 chunks từ merged_vinh-ha-long_food_sa-sung_chunks.json
2026-04-07 22:03:57 [INFO    ] service.embedding — Encoding 1 documents...
2026-04-07 22:03:59 [INFO    ] ingestion.ingest_runner —  Ingest thành công 1 chunks từ merged_vinh-ha-long_food_cha-muc-ha-long_chunks.json
2026-04-07 22:03:59 [INFO    ] service.embedding — Encoding 1 documents...
2026-04-07 22:03:59 [INFO    ] ingestion.ingest_runner —  Ingest thành công 1 chunks từ merged_vinh-ha-long_food_bun-be-be_chunks.json
2026-04-07 22:03:59 [INFO    ] service.embedding — Encoding 1 documents...
2026-04-07 22:04:00 [INFO    ] ingestion.ingest_runner —  Ingest thành công 1 chunks từ merged_vinh-ha-long_food_oc-xao-tuong-ha-long_chunks.json
